Transaction Date,Type,Market,Amount,Rate inc. fee,Rate ex. fee,Fee,Fee AUD (inc GST),GST AUD,Total AUD,Total (inc GST)
16/12/2022 17:36,Sell,AAVE/LINK,0.13789714,9.096790471,9.188677243,0.012670923122014122 LINK,0.12,0.01,12.32,1.2544213890793974 LINK
2/06/2022 0:15,Sell,USDT/AAVE,150,0.008252648,0.008336008,0.012504011521354608 AAVE,2.1,0.19,207.6,1.2378971406141002 AAVE
2/06/2022 0:12,Sell,USDT/SHIB,50,82257.28327,83088.16492,41544.08246036433 SHIB,0.7,0.06,69.12,4112864.1635760474 SHIB
17/05/2022 11:56,Sell,DOGE/LUNC,20,441.7135533,446.1753064,89.23506127786277 LUNC,0.03,0,2.53,8834.271066508421 LUNC
12/05/2022 23:42,Sell,DOGE/LUNC,87.9822265,5.646055207,5.703086068,5.017702101912562 LUNC,0.1,0.01,9.61,496.7525080893456 LUNC
12/05/2022 18:20,Buy,DOGE/AUD,187.9822265,0.116128,0.114978218,0.21613861386138566 AUD,0.22,0.02,21.83,21.83 AUD
12/05/2022 18:19,Sell,LUNC/AUD,128.3914623,0.17,0.171717172,0.2204701877878783 AUD,0.22,0.02,21.83,21.826548591 AUD
12/05/2022 14:20,Buy,LUNC/AUD,84.7457627,0.59,0.584158416,0.4950495049504937 AUD,0.5,0.05,50,50.00 AUD
12/05/2022 11:20,Buy,LUNC/AUD,30.48780487,1.64,1.623762377,0.4950495049504937 AUD,0.5,0.05,50,50.00 AUD
12/05/2022 1:33,Buy,LUNC/AUD,13.15789473,3.8,3.76237624,0.4950495049504937 AUD,0.5,0.05,50,50.00 AUD
1/03/2022 22:24,Buy,BTTC/AUD,17605633.8,0.00000284,2.81188E-06,0.4950495049504937 AUD,0.5,0.05,50,50.00 AUD
16/11/2021 0:57,Sell,BTTC/DOT,101,7.98282E-05,8.06346E-05,0.00008144094135400029 DOT,0.01,0,0.53,0.008062653194046 DOT
16/11/2021 0:57,Sell,DOGE/DOT,1,0.005364329,0.005418514,0.00005418514396956543 DOT,0,0,0.35,0.005364329252987 DOT
16/11/2021 0:56,Sell,OMG/DOT,1,0.241701184,0.24414261,0.0024414260993765036 DOT,0.16,0.01,15.77,0.241701183838273 DOT
16/11/2021 0:55,Sell,SUSHI/DOT,19.00295797,0.222384317,0.224630623,0.04268646296261469 DOT,2.81,0.26,277.99,4.225959833298854 DOT
16/11/2021 0:54,Sell,RUNE/DOT,6.86606615,0.263607932,0.266270639,0.018282318194656755 DOT,1.2,0.11,119.13,1.80994950127102 DOT
16/11/2021 0:53,Sell,DIA/DOT,275,0.0397125,0.040113636,0.11031250034892182 DOT,7.27,0.66,719.67,10.920937534543299 DOT
6/11/2021 10:36,Sell,SHIB/AUD,10000000,0.00008495,8.58081E-05,8.580808080808083 AUD,8.58,0.78,849.5,849.5 AUD
15/10/2021 21:44,Buy,RUNE/AUD,46.86606615,10.6687,10.56306931,4.95049504950498 AUD,4.95,0.45,500,500.00 AUD
8/10/2021 7:36,Sell,SHIB/SUSHI,31506540.17,2.19012E-06,2.21224E-06,0.6969995754441953 SUSHI,10.83,0.98,1071.85,69.0029579689748 SUSHI
28/07/2021 9:34,Sell,DIA/SHIB,2.04253766,200268.561,202291.4758,4131.879575657018 SHIB,0.04,0,3.57,409056.0779900471 SHIB
26/07/2021 12:26,Buy,DIA/AUD,277.0425377,1.804777,1.786907921,4.95049504950498 AUD,4.95,0.45,500,500.00 AUD
25/07/2021 14:05,Sell,UNI/MATIC,0.5,18.54896855,18.73633187,0.09368165936800388 MATIC,0.12,0.01,12.12,9.274484277432288 MATIC
25/07/2021 14:04,Sell,DOT/MATIC,0.4,13.91798265,14.05856833,0.05623427331887232 MATIC,0.07,0.01,7.21,5.567193058568329 MATIC
25/07/2021 14:03,Buy,MATIC/AUD,37.90040833,1.319247,1.306185149,0.4950495049504937 AUD,0.5,0.05,50,50.00 AUD
13/05/2021 8:51,Sell,KMD/SHIB,150.098533,126910.6211,128192.5466,192415.1318354085 SHIB,5.37,0.49,531.55,19049098.051705476 SHIB
11/05/2021 13:00,Sell,MIOTA/SHIB,216.7991599,52186.82578,52713.96543,114283.43417658843 SHIB,5.49,0.5,543.73,11314059.983482283 SHIB
11/05/2021 12:55,Sell,XTZ/SHIB,66.58055581,161699.9698,163333.3028,108748.220827071 SHIB,5.1,0.46,505.35,10766073.861880068 SHIB
11/05/2021 12:54,Sell,BSV/SHIB,1.1,9062047.447,9153583.28,100689.41607647017 SHIB,4.72,0.43,467.09,9968252.191570502 SHIB
23/04/2021 11:53,Buy,MIOTA/AUD,216.7991599,2.306282,2.283447525,4.95049504950498 AUD,4.95,0.45,500,500.00 AUD
22/04/2021 23:01,Buy,XTZ/AUD,66.58055581,7.5097,7.435346535,4.95049504950498 AUD,4.95,0.45,500,500.00 AUD
7/04/2021 23:04,Buy,ETH/AUD,2.31813972,2710.57,2683.732681,62.21267326732686 AUD,62.21,5.66,6283.48,6283.48 AUD
7/04/2021 21:35,Sell,AION/AUD,2498.99979,0.481224,0.486084848,12.147259342858206 AUD,12.15,1.1,1202.58,1202.5786749429599 AUD
7/04/2021 21:35,Sell,CRV/AUD,450,3.6448,3.681616162,16.567272727272666 AUD,16.57,1.51,1640.16,1640.16 AUD
7/04/2021 21:34,Sell,SXP/AUD,500,5.0056,5.056161616,25.28080808080813 AUD,25.28,2.3,2502.8,2502.8 AUD
7/04/2021 21:34,Sell,AXS/AUD,109.3146065,8.580174,8.666842424,9.474124693769 AUD,9.47,0.86,937.94,937.9383446831345 AUD
23/03/2021 11:51,Buy,AXS/AUD,109.3146065,5.488745,5.43440099,5.940594059405953 AUD,5.94,0.54,600,600.00 AUD
19/03/2021 11:41,Sell,UNI/ETH,0.44700695,0.016253728,0.016417908,0.00007338918763017451 ETH,0.17,0.02,17.02,0.007265529575387281 ETH
19/03/2021 11:40,Sell,BSV/ETH,0.02,0.113467832,0.114613972,0.00002292279438116532 ETH,0.05,0,5.26,0.00226935664373536 ETH
19/03/2021 11:39,Sell,TRX/ETH,18.5918197,2.86939E-05,2.89837E-05,0.000005388603699628316 ETH,0.01,0,1.25,0.0005334717662632014 ETH
19/03/2021 11:39,Sell,EOS/ETH,0.41765042,0.002257479,0.002280282,0.000009523608651439684 ETH,0.02,0,2.18,0.0009428372564925276 ETH
15/03/2021 6:10,Sell,LIT/UNI,31.71785638,0.345137036,0.348623269,0.11057582775857178 UNI,4.62,0.42,456.96,10.947006948098537 UNI
14/03/2021 21:43,Sell,XVS/LIT,7.14662499,4.43815877,4.482988657,0.3203823876267755 LIT,4.45,0.4,440.14,31.717856375050435 LIT
13/03/2021 22:12,Sell,SHR/XVS,10076.03093,0.00070927,0.000716434,0.07218813122808854 XVS,5.1,0.46,504.87,7.146624991580715 XVS
11/03/2021 11:02,Sell,DOT/SHR,0.03007717,961.4724007,971.1842431,0.292104735815343 SHR,0.01,0,1.45,28.9183688457191 SHR
11/03/2021 11:02,Sell,SXP/DOT,9,0.080343225,0.081154773,0.007303929574926982 DOT,0.37,0.03,36.19,0.7230890279177731 DOT
11/03/2021 11:00,Sell,SXP/SHR,1,79.88580536,80.69273269,0.8069273268928754 SHR,0.04,0,4.03,79.885805362394 SHR
11/03/2021 10:59,Sell,SXP/SHR,2,79.63330534,80.43768216,1.6087536432412435 SHR,0.08,0.01,8.05,159.26661068088328 SHR
11/03/2021 10:58,Buy,SHR/AUD,9807.96014,0.050979,0.050474257,4.95049504950498 AUD,4.95,0.45,500,500.00 AUD
9/03/2021 17:31,Sell,CHR/BTC,21220,3.2373E-06,0.00000327,0.0006938940000000005 BTC,49.85,4.53,4935.36,0.068695506 BTC
9/03/2021 6:01,Sell,BSV/DOT,0.00928721,5.232459766,5.285312895,0.000490858107748092 DOT,0.02,0,2.21,0.0485949526670614 DOT
8/03/2021 22:44,Sell,OCEAN/DOT,730.343067,0.040608852,0.041019042,0.29957972918547426 DOT,13.69,1.24,1355.39,29.658393189362055 DOT
19/02/2021 23:51,Sell,BTC/EOS,0.00014566,9732.599292,9830.908376,0.014319701140385499 EOS,0.1,0.01,9.72,1.4176504128981522 EOS
19/02/2021 20:15,Sell,SXP/TRX,0.54815633,52.1599736,52.68684202,0.2888062595922243 TRX,0.02,0,2.33,28.591819699630346 TRX
17/02/2021 8:49,Sell,ETH/SXP,0.01707465,789.965593,797.9450434,0.13624632335939424 SXP,0.39,0.04,38.33,13.488386012580063 SXP
17/02/2021 8:48,Sell,CHR/SXP,7.20095471,0.02526881,0.02552405,0.0018379752901235835 SXP,0.01,0,0.52,0.1819595537222356 SXP
17/02/2021 8:45,Sell,EOS/SXP,49.98323647,2.037352973,2.057932296,1.028621165750181 SXP,2.91,0.26,288.27,101.83349540926721 SXP
17/02/2021 8:44,Sell,BTC/SXP,0.00015929,21982.15943,22204.20144,0.03536907248000576 SXP,0.1,0.01,9.94,3.5015381755205817 SXP
17/02/2021 8:44,Sell,ZEC/SXP,1.07116458,68.65684187,69.35034532,0.7428563351740536 SXP,2.1,0.19,208,73.54277718223076 SXP
12/02/2021 23:15,Sell,CTK/ETH,431.6455,0.001267417,0.001280219,0.005526006559278707 ETH,13.16,1.2,1302.89,0.5470746493685873 ETH
12/02/2021 14:16,Sell,CTK/FTM,0.09090737,11.05798529,11.16968211,0.010154064246920669 FTM,0,0,0.24,1.0052523604451409 FTM
9/02/2021 20:05,Sell,GVT/CTK,121.1653,1.805488531,1.823725789,2.2097228234001136 CTK,5.17,0.47,511.87,218.7625595166111 CTK
9/02/2021 19:57,Buy,CTK/AUD,212.9738479,2.3478,2.324554456,4.950693069306908 AUD,4.95,0.45,500.02,500.02 AUD
8/02/2021 22:17,Sell,BAND/EOS,14.5748717,3.429411765,3.464052288,0.504881176535946 EOS,2.32,0.21,229.99,49.98323647705883 EOS
3/02/2021 10:53,Sell,ROSE/BAND,2838.966494,0.005133865,0.005185723,0.14722092623268423 BAND,2.27,0.21,224.96,14.574871697035661 BAND
29/01/2021 12:49,Sell,CRV/FTM,50.11951886,14.87695545,15.02722772,7.531574232649973 FTM,1.36,0.12,135.03,745.62584903235 FTM
29/01/2021 12:43,Sell,ETH/FTM,0.01798965,9875.2825,9975.032828,1.7944734931931805 FTM,0.32,0.03,31.45,177.652875826125 FTM
29/01/2021 12:24,Sell,SXP/FTM,7.14078275,8.507870394,8.593808479,0.6136651934520074 FTM,0.11,0.01,11.17,60.7528541517488 FTM
27/01/2021 8:39,Buy,ROSE/AUD,2838.966494,0.081896,0.081085149,2.3019801980198054 AUD,2.3,0.21,232.5,232.50 AUD
27/01/2021 0:48,Sell,UNI/AUD,14.91482297,15.59,15.74747475,2.348707980831307 AUD,2.35,0.21,232.52,232.52209010229998 AUD
11/01/2021 0:45,Buy,ZEC/AUD,1.07116458,127.17,125.9108914,1.3487128712871197 AUD,1.35,0.12,136.22,136.22 AUD
10/01/2021 23:07,Sell,ONE/AUD,16074.58608,0.008474,0.008559596,1.375919620574109 AUD,1.38,0.13,136.22,136.2160424368356 AUD
9/01/2021 21:20,Sell,WNXM/BSV,8.71736688,0.129544531,0.130853062,0.011406941446121976 BSV,3.25,0.3,322.22,1.1292872031660643 BSV
7/01/2021 15:24,Buy,CHR/AUD,11152.62365,0.035866,0.035510891,3.9603960396039497 AUD,3.96,0.36,400,400.00 AUD
2/01/2021 23:37,Sell,RVN/OCEAN,4514.265078,0.035264987,0.035621199,1.6080353447682967 OCEAN,0.74,0.07,72.97,159.19549913206038 OCEAN
31/12/2020 11:51,Sell,WRX/OCEAN,1735.312747,0.19495935,0.196928636,3.417327721654374 OCEAN,1.44,0.13,143.02,338.31544444378386 OCEAN
31/12/2020 11:45,Buy,OCEAN/AUD,232.8321234,0.429494,0.425241584,0.9900990099009874 AUD,0.99,0.09,100,100.00 AUD
26/12/2020 20:11,Buy,SXP/AUD,213.2196162,0.938,0.928712871,1.9801980198019749 AUD,1.98,0.18,200,200.00 AUD
21/12/2020 8:12,Buy,ETH/AUD,0.22400931,892.82,883.9802327,1.9801980198019749 AUD,1.98,0.18,200,200.00 AUD
15/12/2020 21:21,Sell,EGLD/ETH,11.31980915,0.035773684,0.036135035,0.004090416960098986 ETH,3.24,0.29,320.49,0.40495127904979655 ETH
24/11/2020 14:07,Buy,RVN/AUD,4514.265078,0.022152,0.021932673,0.9900990099009874 AUD,0.99,0.09,100,100.00 AUD
18/11/2020 14:04,Buy,WRX/AUD,1735.312747,0.115253,0.114111881,1.9801980198019749 AUD,1.98,0.18,200,200.00 AUD
7/11/2020 8:37,Buy,SXP/AUD,113.9211666,1.3167,1.303663366,1.4851485148514882 AUD,1.49,0.14,150,150.00 AUD
6/11/2020 8:50,Buy,ONE/AUD,16074.58608,0.006221,0.006159406,0.9900990099009874 AUD,0.99,0.09,100,100.00 AUD
23/09/2020 23:38,Sell,UNI/EGLD,21.62893884,0.523364056,0.528650561,0.11434150661337661 EGLD,1.47,0.13,145.17,11.319809154724332 EGLD
22/09/2020 16:49,Sell,FTM/UNI,2557,0.008458717,0.008544158,0.21847412974261005 UNI,1.34,0.12,133.03,21.628938844518387 UNI
17/09/2020 17:59,Buy,ETH/AUD,0.06047301,542.06,536.6930726,0.3245544554455435 AUD,0.32,0.03,32.78,32.78 AUD
17/09/2020 17:59,Buy,CRV/AUD,121,1.7952,1.777432289,2.150693069306925 AUD,2.15,0.2,217.22,217.22 AUD
17/09/2020 17:58,Buy,ETH/AUD,0.46133973,541.9,536.5346541,2.47524752475249 AUD,2.48,0.23,250,250.00 AUD
17/09/2020 17:56,Sell,EGLD/ETH,5.0056731,0.030985974,0.031298964,0.0015667238005257766 ETH,0.84,0.08,82.99,0.15510565625205042 ETH
6/09/2020 15:46,Buy,CRV/AUD,213.0833156,2.3465,2.323267327,4.95049504950498 AUD,4.95,0.45,500,500.00 AUD
4/09/2020 10:15,Buy,CRV/AUD,116.0362033,4.309,4.266336634,4.95049504950498 AUD,4.95,0.45,500,500.00 AUD
1/09/2020 19:04,Sell,CRV/WNXM,45.3137526,0.066120675,0.066788561,0.03026440323932711 WNXM,3.15,0.29,312.06,2.996175920693362 WNXM
1/09/2020 16:06,Sell,HOT/WNXM,600000,9.53532E-06,9.63163E-06,0.057789807642424584 WNXM,5.9,0.54,584.52,5.7211909566 WNXM
28/08/2020 15:43,Buy,CRV/AUD,0.19003458,5.2622,5.210099182,0.00990099009900991 AUD,0.01,0,1,1.00 AUD
28/08/2020 15:43,Buy,CRV/AUD,95.12371802,5.2458,5.193861386,4.940594059405953 AUD,4.94,0.45,499,499.00 AUD
12/08/2020 9:38,Buy,ETH/AUD,0.09048627,552.57,547.0990294,0.4950495049504937 AUD,0.5,0.05,50,50.00 AUD
6/08/2020 11:03,Buy,ERD/AUD,5005.673096,0.029966,0.029669307,1.4851485148514882 AUD,1.49,0.14,150,150.00 AUD
2/08/2020 14:29,Buy,BNB/AUD,6.26370184,31.93,31.61386143,1.9801980198019749 AUD,1.98,0.18,200,200.00 AUD
31/07/2020 16:13,Sell,MIOTA/UTK,184.3805445,3.555540721,3.591455274,6.62194478983713 UTK,0.77,0.07,75.94,655.5725341938744 UTK
31/07/2020 16:11,Sell,MIOTA/UTK,1215.619455,3.565060241,3.60107095,43.7753190795338 UTK,5.05,0.46,500,4333.75658887388 UTK
31/07/2020 16:06,Sell,XNO/UTK,300,11.20263158,11.31578947,33.94736842105249 UTK,3.89,0.35,384.75,3360.7894736842104 UTK
31/07/2020 16:05,Sell,ZRX/UTK,52.75596721,4.666761134,4.713900135,2.4868636095078216 UTK,0.28,0.03,28.18,246.19949734127485 UTK
31/07/2020 16:05,Sell,ZRX/UTK,937.2440328,4.660080972,4.707152497,44.11750588895484 UTK,5.05,0.46,500,4367.633083006484 UTK
30/07/2020 0:13,Buy,ETH/AUD,0.01186135,466.22,461.6040775,0.05475247524752458 AUD,0.05,0,5.53,5.53 AUD
30/07/2020 0:12,Sell,ZRX/AUD,10,0.55273,0.558313131,0.05583131313131329 AUD,0.06,0.01,5.53,5.5273 AUD
30/07/2020 0:12,Sell,VET/ETH,99,4.74578E-05,4.79372E-05,0.0000474578483939999 ETH,0.02,0,2.15,0.004698326991006 ETH
30/07/2020 0:11,Sell,XRP/ETH,1,0.000727189,0.000734534,0.000007345344785727277 ETH,0,0,0.33,0.000727189133787 ETH
30/07/2020 0:10,Sell,ONG/ETH,0.0584041,0.000540754,0.000546217,3.1901292395493754e-7 ETH,0,0,0.01,0.00003158227947153878 ETH
30/07/2020 0:09,Sell,EOS/ETH,0.00005781,0.009306883,0.009400892,5.434655424709216e-9 ETH,0,0,0,5.38030887046214e-7 ETH
30/07/2020 0:09,Sell,VTHO/ETH,636.1663069,5.11369E-06,5.16535E-06,0.00003286019839922674 ETH,0.02,0,1.5,0.00325315964152343 ETH
30/07/2020 0:09,Sell,MIOTA/ETH,100,0.000839124,0.0008476,0.0008476002509141406 ETH,0.39,0.04,38.44,0.0839124248405 ETH
30/07/2020 0:08,Sell,FTM/ETH,6500,3.92025E-05,3.95984E-05,0.0025738984696060396 ETH,1.19,0.11,118.28,0.25481594849100003 ETH
30/07/2020 0:07,Sell,BSV/ETH,1,0.650280567,0.656849058,0.00656849057598774 ETH,3.03,0.28,299.6,0.650280567022785 ETH
24/07/2020 16:05,Buy,VTHO/AUD,315.009265,0.003238,0.003205941,0.010099009900990108 AUD,0.01,0,1.02,1.02 AUD
24/07/2020 15:56,Buy,MCO/AUD,249,6.02,5.96039604,14.84138613861387 AUD,14.84,1.35,1498.98,1498.98 AUD
24/07/2020 15:48,Sell,WAN/MCO,319.0194255,0.065922364,0.066588246,0.21242944032573163 MCO,1.25,0.11,123.93,21.030514592247396 MCO
21/07/2020 1:02,Sell,ETC/WAN,15,21.20129503,21.41544953,3.2123174294060277 WAN,1.3,0.12,129.17,318.01942551119765 WAN
20/07/2020 22:37,Sell,SYS/BTC,801.7777778,1.38204E-05,0.00001396,0.00011192817777808811 BTC,1.51,0.14,149.22,0.011080889600030713 BTC
20/07/2020 19:57,Sell,RVN/SYS,3280,0.244444444,0.24691358,8.09876543209873 SYS,0.96,0.09,94.58,801.7777777777764 SYS
19/07/2020 21:48,Buy,BTC/AUD,0.00053482,13387.54,13255.13053,0.07089108910891095 AUD,0.07,0.01,7.16,7.16 AUD
19/07/2020 21:46,Sell,ADA/BTC,9,1.32759E-05,1.341E-05,0.0000012068999999999969 BTC,0.02,0,1.57,0.00011948309999999999 BTC
19/07/2020 21:46,Sell,ADA/BTC,1,1.32759E-05,1.341E-05,1.3409999999999928e-7 BTC,0,0,0.17,0.0000132759 BTC
19/07/2020 21:45,Sell,CRO/BTC,2,1.55529E-05,0.00001571,3.1419999999999777e-7 BTC,0,0,0.41,0.0000311058 BTC
19/07/2020 21:43,Sell,BSV/AUD,0.03,238.67,241.0808081,0.07232424242424251 AUD,0.07,0.01,7.16,7.160099999999999 AUD
19/07/2020 21:42,Sell,ETC/BTC,1,0.000646995,0.00065353,0.000006535299999999998 BTC,0.09,0.01,8.52,0.0006469947 BTC
19/07/2020 21:40,Sell,ONT/BTC,1.18715045,8.26155E-05,0.00008345,9.906770505249945e-7 BTC,0.01,0,1.29,0.00009807702800197501 BTC
19/07/2020 21:40,Sell,HOT/BTC,985,7.36E-08,7.44E-08,7.32767647272726e-7 BTC,0.01,0,0.96,0.00007254399708 BTC
19/07/2020 21:38,Buy,BTC/AUD,0.00821497,13390.18,13257.61276,1.0891089108910847 AUD,1.09,0.1,110,110.00 AUD
18/07/2020 17:25,Sell,ETC/ONT,0.75074921,7.892489945,7.972212066,0.05985131910362007 ONT,0.06,0.01,6.4,5.925280591258353 ONT
18/07/2020 17:24,Sell,RVN/ONT,8.71641398,0.026062157,0.026325411,0.0022946318338574467 ONT,0,0,0.25,0.22716855155188664 ONT
18/07/2020 17:21,Sell,CRO/ONT,5.53957938,0.18678337,0.188670071,0.010451528322100723 ONT,0.01,0,1.12,1.0347013038879624 ONT
8/07/2020 22:06,Buy,RVN/AUD,3288.716414,0.030407,0.030105941,0.9900990099009874 AUD,0.99,0.09,100,100.00 AUD
7/07/2020 0:10,Sell,FET/BTC,1339.468507,3.1086E-06,3.14E-06,0.000042059311104413605 BTC,0.56,0.05,55.58,0.004163871799336986 BTC
7/07/2020 0:09,Buy,BTC/AUD,0.00736335,13580.77,13446.31194,0.9900990099009874 AUD,0.99,0.09,100,100.00 AUD
4/07/2020 7:22,Sell,DGB/FET,2152.4976,0.622285714,0.628571429,13.529984914285706 FET,0.62,0.06,61.83,1339.468506514285 FET
23/06/2020 0:05,Sell,BCH/DGB,0.22,9784.08,9882.909091,21.74240000000009 DGB,0.76,0.07,75.39,2152.4976000000006 DGB
22/06/2020 0:40,Sell,BCH/ETC,0.0048,36.36511873,36.73244316,0.0017631572717945743 ETC,0.02,0,1.62,0.17455256990766208 ETC
22/06/2020 0:39,Buy,ETC/AUD,10.61571125,9.42,9.326732676,0.9900990099009874 AUD,0.99,0.09,100,100.00 AUD
22/06/2020 0:35,Sell,BAT/ETC,101,0.037436294,0.037814439,0.03819258289573568 ETC,0.35,0.03,35,3.781065706677823 ETC
22/06/2020 0:35,Sell,ZRX/ETC,40.5,0.053812832,0.054356396,0.022014340329946425 ETC,0.2,0.02,20.18,2.1794196926647036 ETC
19/06/2020 14:25,Sell,ZRX/ZIL,0.5,14.88807692,15.03846154,0.07519230769230756 ZIL,0,0,0.24,7.444038461538462 ZIL
7/06/2020 10:51,Sell,BTG/EOS,6.74308833,3.215315705,3.247793642,0.21900159402913033 EOS,0.9,0.08,88.94,21.681157808883945 EOS
2/06/2020 9:46,Buy,BTG/AUD,6.74308833,14.83,14.68316833,0.9900990099009874 AUD,0.99,0.09,100,100.00 AUD
26/05/2020 0:17,Sell,ZRX/ICX,0.47669056,0.969593165,0.979387036,0.004668645544236516 ICX,0,0,0.23,0.46219590887941414 ICX
23/05/2020 20:09,Sell,ONE/ETH,11389.52164,1.68953E-05,1.70659E-05,0.001943726847058097 ETH,0.62,0.06,61.82,0.1924289578587511 ETH
22/05/2020 17:29,Sell,ETH/ZRX,0.39828245,606.2950817,612.4192744,2.4391584905087313 ZRX,1.23,0.11,122.09,241.47669056036358 ZRX
11/05/2020 13:18,Buy,ONE/AUD,11389.52164,0.00439,0.004346535,0.4950495049504937 AUD,0.5,0.05,50,50.00 AUD
10/05/2020 1:09,Sell,ZRX/ETH,200,0.001991412,0.002011528,0.004023055131701037 ETH,1.34,0.12,132.61,0.39828245803839996 ETH
27/04/2020 7:30,Sell,HOT/BNB,0.5148342,2.02841E-05,2.0489E-05,1.05484415151585e-7 BNB,0,0,0,0.000010442957100006987 BNB
27/04/2020 7:30,Buy,BNB/AUD,0.00337837,26.64,26.37630304,0.0008910891089108919 AUD,0,0,0.09,0.09 AUD
27/04/2020 0:42,Buy,HOT/AUD,87085.51483,0.00057301,0.00056744,0.49415841584158215 AUD,0.49,0.04,49.91,49.91 AUD
8/04/2020 8:26,Buy,BNB/AUD,2.49755102,24.5,24.25742575,0.6058415841584193 AUD,0.61,0.06,61.19,61.19 AUD
7/04/2020 22:40,Sell,LINK/AUD,13.7,4.466155,4.511267677,0.6180436717171744 AUD,0.62,0.06,61.19,61.18632349999999 AUD
24/03/2020 10:28,Sell,LINK/XTZ,0.15,1.291946617,1.304996583,0.00195749487432606 XTZ,0.01,0,0.57,0.19379199255828075 XTZ
18/03/2020 15:59,Sell,HOT/XTZ,101,0.000202795,0.000204843,0.00020689177187581745 XTZ,0,0,0.05,0.020482285415706 XTZ
18/03/2020 15:58,Sell,LINK/XTZ,0.10527176,1.328228216,1.341644662,0.0014123729490456427 XTZ,0,0,0.34,0.1398249219555187 XTZ
18/03/2020 15:56,Sell,FTM/XTZ,63.0983108,0.001605809,0.001622029,0.0010234731665033914 XTZ,0,0,0.24,0.10132384348383602 XTZ
17/03/2020 0:51,Buy,XTZ/AUD,99.73984357,2.0052167,1.985363069,1.9801980198019749 AUD,1.98,0.18,200,200.00 AUD
13/03/2020 13:42,Buy,LINK/AUD,56.99392387,3.509146,3.474401981,1.9801980198019749 AUD,1.98,0.18,200,200.00 AUD
13/03/2020 13:14,Buy,BTC/AUD,0.01519706,6580.22,6515.069427,0.9900990099009874 AUD,0.99,0.09,100,100.00 AUD
13/03/2020 13:10,Buy,BNB/AUD,25.38071065,11.82,11.7029703,2.9702970297029765 AUD,2.97,0.27,300,300.00 AUD
13/03/2020 13:02,Buy,BTC/AUD,0.07559881,6613.86,6548.376951,4.95049504950498 AUD,4.95,0.45,500,500.00 AUD
13/03/2020 12:58,Buy,BTC/AUD,0.07302649,6846.83,6779.040112,4.95049504950498 AUD,4.95,0.45,500,500.00 AUD
13/03/2020 12:55,Buy,BTC/AUD,0.07105593,7036.71,6967.039978,4.95049504950498 AUD,4.95,0.45,500,500.00 AUD
13/03/2020 12:52,Buy,BTC/AUD,0.13827701,7231.86,7160.257587,9.90099009900996 AUD,9.9,0.9,1000,1000.00 AUD
13/03/2020 12:30,Buy,FTM/AUD,26560.42497,0.003765,0.003727723,0.9900990099009874 AUD,0.99,0.09,100,100.00 AUD
12/03/2020 23:03,Buy,LINK/AUD,53.19134789,3.76001,3.722782179,1.9801980198019749 AUD,1.98,0.18,200,200.00 AUD
28/02/2020 19:14,Sell,BCH/FTM,0.00004033,43407.64866,43846.10976,0.01768313606463412 FTM,0,0,0.02,1.750630470398781 FTM
27/02/2020 23:07,Sell,LINK/FTM,0.01226472,500.4096429,505.4642857,0.0619937793428571 FTM,0,0,0.07,6.137384154942857 FTM
27/02/2020 23:04,Buy,FTM/AUD,9994.785329,0.011506,0.011392079,1.1386138613861334 AUD,1.14,0.1,115,115.00 AUD
26/02/2020 16:40,Buy,BTC/AUD,0.00354173,14117.38,13977.61842,0.4950495049504937 AUD,0.5,0.05,50,50.00 AUD
21/02/2020 11:50,Sell,TOMO/BCH,151.2867775,0.001486186,0.001501198,0.002271114363283866 BCH,1.3,0.12,128.35,0.22484032196510234 BCH
17/02/2020 21:26,Buy,BTC/AUD,0.00038244,14747.39,14601.39738,0.05584158415841589 AUD,0.06,0.01,5.64,5.64 AUD
17/02/2020 21:18,Buy,ZRX/AUD,270,0.423551,0.419361936,1.132277227722767 AUD,1.13,0.1,114.36,114.36 AUD
13/02/2020 22:05,Buy,TOMO/AUD,151.2867775,0.893006,0.884164356,1.3376237623762393 AUD,1.34,0.12,135.1,135.10 AUD
13/02/2020 19:30,Sell,BCH/AUD,0.2,675.5,682.3232323,1.3646464646464551 AUD,1.36,0.12,135.1,135.1 AUD
12/02/2020 11:11,Sell,ZRX/LINK,3.43542254,0.071604938,0.07232822,0.0024847799890260758 LINK,0.02,0,1.52,0.24599321891358042 LINK
11/02/2020 22:42,Sell,SKY/ZRX,300,2.296977863,2.32017966,6.960538979788225 ZRX,3.18,0.29,314.62,689.0933589990376 ZRX
11/02/2020 22:33,Buy,ZRX/AUD,44.34206354,0.451039,0.446573267,0.1980198019801982 AUD,0.2,0.02,20,20.00 AUD
8/02/2020 11:02,Sell,PPT/LINK,110.4768919,0.134371487,0.135728774,0.14994893123918906 LINK,0.76,0.07,75.18,14.844944192679707 LINK
4/02/2020 17:27,Buy,LINK/AUD,30.38096297,4.196707,4.155155447,1.2623762376237693 AUD,1.26,0.11,127.5,127.50 AUD
4/02/2020 15:44,Sell,ICX/AUD,200,0.637497,0.643936364,1.2878727272727275 AUD,1.29,0.12,127.5,127.4994 AUD
4/02/2020 8:48,Buy,LINK/AUD,3.12098902,4.299919,4.257345549,0.13287128712871343 AUD,0.13,0.01,13.42,13.42 AUD
4/02/2020 8:47,Buy,BAT/AUD,100,0.365787,0.362178218,0.3621782178217856 AUD,0.36,0.03,36.58,36.58 AUD
31/01/2020 14:20,Buy,PPT/AUD,110.4768919,0.5431,0.537722772,0.594059405940591 AUD,0.59,0.05,60,60.00 AUD
22/01/2020 23:44,Buy,ETH/AUD,0.39751947,251.56,249.0693122,0.9900990099009874 AUD,0.99,0.09,100,100.00 AUD
18/01/2020 22:49,Sell,SKY/LINK,50,0.193787506,0.195744956,0.09787247801344989 LINK,0.39,0.04,38.41,9.6893753233316 LINK
18/01/2020 22:46,Sell,SKY/ETH,160,0.00312439,0.003155949,0.005049518516124452 ETH,1.26,0.11,124.3,0.49990233309632004 ETH
15/01/2020 13:56,Sell,ETH/BTC,0.00396194,0.018717049,0.01890611,7.490487345340025e-7 BTC,0.01,0,0.95,0.000074155824718866 BTC
15/01/2020 13:55,Sell,SKY/ETH,4.71986418,0.002362132,0.002385992,0.00011261557128124967 ETH,0.03,0,2.73,0.011148941556843745 ETH
15/01/2020 9:23,Sell,DGB/SKY,11200,0.014707131,0.014855688,1.6638370118845671 SKY,1.01,0.09,99.79,164.7198641765712 SKY
14/01/2020 14:28,Sell,ONG/ETH,0.0083394,0.000671543,0.000678326,5.656830679646977e-8 ETH,0,0,0,0.000005600262372850484 ETH
14/01/2020 14:27,Sell,DGB/ETH,30.90745732,3.89117E-05,3.93048E-05,0.00001214810038665799 ETH,0,0,0.26,0.0012026619382791471 ETH
14/01/2020 14:25,Buy,DGB/AUD,11230.90746,0.008904,0.008815842,0.9900990099009874 AUD,0.99,0.09,100,100.00 AUD
23/12/2019 20:41,Buy,ETH/AUD,0.04260474,198.1,196.1386372,0.08356435643564275 AUD,0.08,0.01,8.44,8.44 AUD
23/12/2019 20:39,Buy,MIOTA/AUD,170,0.244443,0.242050087,0.4114851485148492 AUD,0.41,0.04,41.56,41.56 AUD
18/12/2019 15:07,Sell,ETN/BTC,1,4.95E-07,5.00E-07,4.999999999999952e-9 BTC,0,0,0,4.95e-7 BTC
18/12/2019 15:01,Buy,BTC/AUD,0.01510107,9933.07,9834.723731,1.4851485148514882 AUD,1.49,0.14,150,150.00 AUD
10/12/2019 7:53,Sell,LINK/BTC,0.39722161,0.000272201,0.00027495,0.0000010921608166949986 BTC,0.01,0,1.16,0.000108123920852805 BTC
10/12/2019 7:52,Sell,FTM/BTC,0.91966676,1.6434E-06,0.00000166,1.526646821599997e-8 BTC,0,0,0.02,0.000001511380353384 BTC
10/12/2019 7:51,Sell,XLM/BTC,3.81349201,7.2963E-06,0.00000737,2.8105436113700047e-7 BTC,0,0,0.3,0.000027824381752563 BTC
10/12/2019 7:50,Sell,HOT/BTC,518.0150681,8.91E-08,9.00E-08,4.6621356128100344e-7 BTC,0,0,0.49,0.000046155142566819 BTC
10/12/2019 7:48,Sell,ETC/BTC,21,0.000508514,0.00051365,0.0001078664999999996 BTC,1.16,0.11,114.47,0.0106787835 BTC
10/12/2019 7:47,Sell,BTG/BTC,15,0.000780744,0.00078863,0.00011829449999999943 BTC,1.27,0.12,125.54,0.0117111555 BTC
10/12/2019 7:46,Sell,AION/BTC,1165,8.3457E-06,0.00000843,0.00009820949999999988 BTC,1.05,0.1,104.21,0.0097227405 BTC
9/12/2019 22:13,Sell,ETN/HOT,1,5.049,5.1,0.051000000000000156 HOT,0,0,0.01,5.049 HOT
9/12/2019 22:12,Sell,SC/HOT,1,1.98,2,0.020000000000000018 HOT,0,0,0,1.98 HOT
9/12/2019 22:11,Sell,BTG/HOT,1.85393257,7827.138,7906.2,146.5756168493408 HOT,0.16,0.01,15.86,14510.986068084661 HOT
6/12/2019 17:23,Sell,ETN/FTM,2,0.287790698,0.290697674,0.005813953488372103 FTM,0,0,0.01,0.575581395348838 FTM
6/12/2019 17:22,Sell,MIOTA/LINK,19.26445963,0.098482991,0.099477769,0.019163854633020172 LINK,0.06,0.01,5.65,1.897221608668995 LINK
4/12/2019 22:00,Sell,BCN/FTM,1,0.024146341,0.024390244,0.00024390243902439393 FTM,0,0,0,0.024146341463415 FTM
4/12/2019 21:59,Sell,XVG/FTM,1,0.319939024,0.323170732,0.0032317073170731736 FTM,0,0,0.01,0.319939024390244 FTM
4/12/2019 21:54,Buy,BTG/AUD,16.85393257,8.9,8.811881196,1.4851485148514882 AUD,1.49,0.14,150,150.00 AUD
2/12/2019 18:01,Sell,DOGE/MIOTA,2,0.010679612,0.010787487,0.00021574973031282876 MIOTA,0,0,0.01,0.02135922330097 MIOTA
2/12/2019 18:00,Sell,POE/MIOTA,2.73373428,0.009967638,0.010068321,0.0002752411357065769 MIOTA,0,0,0.01,0.027248872434951252 MIOTA
2/12/2019 18:00,Sell,ONG/MIOTA,0.0169816,0.539320388,0.544768069,0.00009251033441208187 MIOTA,0,0,0,0.009158523106796124 MIOTA
2/12/2019 17:55,Sell,ICX/MIOTA,29.68927411,0.646923631,0.653458213,0.19400700012802474 MIOTA,0.06,0.01,5.71,19.20669301267456 MIOTA
1/12/2019 9:51,Sell,MIOTA/ICX,20,1.484463705,1.499458288,0.2998916576381383 ICX,0.06,0.01,6.12,29.689274106175517 ICX
29/11/2019 23:35,Buy,XLM/AUD,62.413624,0.089724,0.088835644,0.055445544554455495 AUD,0.06,0.01,5.6,5.60 AUD
29/11/2019 23:32,Buy,MIOTA/AUD,350,0.326829,0.323620934,1.1326732673267372 AUD,1.13,0.1,114.4,114.40 AUD
27/11/2019 7:58,Sell,AION/XLM,15,1.061845018,1.072570726,0.1608856088560895 XLM,0.01,0,1.36,15.92767527675276 XLM
27/11/2019 7:55,Sell,LTC/XLM,0.02,799.082027,807.1535627,0.16143071253071106 XLM,0.01,0,1.36,15.98164054054054 XLM
27/11/2019 7:54,Sell,LTC/XLM,0.004,799.4456757,807.5208845,0.03230083538083539 XLM,0,0,0.27,3.197782702702703 XLM
27/11/2019 7:53,Sell,AION/XLM,7.68290886,1.06409816,1.074846626,0.0825794866424534 XLM,0.01,0,0.7,8.17536917760295 XLM
27/11/2019 7:52,Sell,MCO/XLM,0.04885827,64.9136319,65.56932515,0.03203603792061349 XLM,0,0,0.27,3.171567754140736 XLM
27/11/2019 7:51,Sell,ZIL/XLM,47.37520445,0.087460123,0.088343558,0.041852941354601825 XLM,0,0,0.35,4.143441194105544 XLM
27/11/2019 7:51,Buy,XLM/AUD,1728.130508,0.086799,0.085939604,1.4851485148514882 AUD,1.49,0.14,150,150.00 AUD
27/11/2019 7:43,Sell,BTTC/XLM,2252.302174,0.004858896,0.004907975,0.11054243796857754 XLM,0.01,0,0.93,10.943701358889243 XLM
27/11/2019 7:40,Sell,WTC/XLM,100.07,8.211533742,8.294478528,8.3002846625767 XLM,0.71,0.06,69.97,821.728181595092 XLM
26/11/2019 23:00,Buy,ZIL/AUD,259.5481442,0.007436,0.007362376,0.019108910891089126 AUD,0.02,0,1.93,1.93 AUD
26/11/2019 23:00,Buy,ETH/AUD,0.07,222.22,220.0848656,0.15405940594059508 AUD,0.15,0.01,15.56,15.56 AUD
26/11/2019 22:58,Buy,HOT/AUD,20000,0.00129301,0.001280693,0.2561386138613848 AUD,0.26,0.02,25.87,25.87 AUD
26/11/2019 22:57,Buy,FTM/AUD,3200,0.017697,0.017524752,0.5607920792079213 AUD,0.56,0.05,56.64,56.64 AUD
25/11/2019 19:57,Buy,ZIL/AUD,20987.82706,0.007147,0.007076238,1.4851485148514882 AUD,1.49,0.14,150,150.00 AUD
22/11/2019 23:54,Buy,MCO/AUD,26.05885827,5.7562,5.699207922,1.4851485148514882 AUD,1.49,0.14,150,150.00 AUD
22/11/2019 11:03,Buy,AION/AUD,1177.682909,0.101895,0.100886139,1.188118811881182 AUD,1.19,0.11,120,120.00 AUD
13/11/2019 11:31,Buy,POE/AUD,2.73373428,0.003658,0.003621782,0.0000990099009900991 AUD,0,0,0.01,0.01 AUD
12/11/2019 19:25,Buy,BTTC/AUD,1741.140216,0.000649,0.000642574,0.011188118811881198 AUD,0.01,0,1.13,1.13 AUD
12/11/2019 19:24,Buy,ETH/AUD,0.01032659,279.5,277.089159,0.02861386138613886 AUD,0.03,0,2.89,2.89 AUD
12/11/2019 19:20,Buy,LINK/AUD,0.44277579,4.126709,4.092096336,0.018118811881188135 AUD,0.02,0,1.83,1.83 AUD
12/11/2019 19:18,Buy,HOT/AUD,62.05711947,0.001429,0.001435918,0.0008910891089108919 AUD,0,0,0.09,0.09 AUD
12/11/2019 19:16,Buy,HOT/AUD,3400,0.00143,0.001418171,0.04821782178217848 AUD,0.05,0,4.87,4.87 AUD
12/11/2019 19:14,Buy,LINK/AUD,3,4.113124,4.072607261,0.12217821782178184 AUD,0.12,0.01,12.34,12.34 AUD
12/11/2019 19:10,Buy,MIOTA/AUD,450,0.392959,0.389086909,1.7508910891089045 AUD,1.75,0.16,176.84,176.84 AUD
31/10/2019 7:15,Sell,GAS/LINK,0.02921116,0.636766398,0.643198382,0.00018788570847717845 LINK,0,0,0.07,0.0186006851392405 LINK
31/10/2019 7:14,Sell,ETC/LINK,0.06214689,1.787115512,1.805167184,0.0011218552640633178 LINK,0,0,0.43,0.11106367114226846 LINK
31/10/2019 7:14,Buy,LINK/AUD,25.54217089,3.915094,3.876330693,0.9900990099009874 AUD,0.99,0.09,100,100.00 AUD
9/10/2019 23:47,Buy,ETH/AUD,0.35967341,278.03,275.2772327,0.9900990099009874 AUD,0.99,0.09,100,100.00 AUD
2/10/2019 23:05,Buy,ETC/AUD,7.06214689,7.08,7.009900993,0.4950495049504937 AUD,0.5,0.05,50,50.00 AUD
29/09/2019 18:03,Sell,XLM/HOT,0.23071725,77.77,78.55555556,0.18124121749999844 HOT,0,0,0.02,17.9428805325 HOT
27/09/2019 8:46,Buy,XLM/AUD,2244.240717,0.089117,0.088234653,1.9801980198019749 AUD,1.98,0.18,200,200.00 AUD
26/09/2019 23:32,Sell,BSV/LINK,0.00241878,48.98837942,49.48321153,0.0011968900239581332 LINK,0,0,0.29,0.11849211237185463 LINK
26/09/2019 23:31,Sell,ETC/LINK,0.26533523,2.771560217,2.799555775,0.0074282077543781355 LINK,0.02,0,1.83,0.7353925676834303 LINK
26/09/2019 23:30,Sell,TRX/HOT,6000,17.16,17.33333333,1040 HOT,1.16,0.11,114.41,102960.00000000003 HOT
26/09/2019 23:27,Sell,XVG/LINK,20000,0.001937662,0.001957234,0.3914468855507067 LINK,0.99,0.09,97.65,38.75324166952 LINK
26/09/2019 23:27,Sell,DGB/LINK,8648.469824,0.004277298,0.004320503,0.3736573765235889 LINK,0.94,0.09,92.81,36.99208027583539 LINK
26/09/2019 23:24,Sell,MATIC/BNB,2413.59383,0.000686743,0.000693679,0.016742602157104214 BNB,0.41,0.04,40.13,1.6575176135533147 BNB
26/09/2019 23:23,Sell,ONG/BNB,300.0258,0.007820545,0.00789954,0.023700659114682665 BNB,0.58,0.05,56.94,2.3463652523535745 BNB
25/09/2019 23:27,Buy,ETH/AUD,0.78799101,253.81,251.2970319,1.9801980198019749 AUD,1.98,0.18,200,200.00 AUD
25/09/2019 8:14,Buy,ETC/AUD,14.26533523,7.01,6.940594062,0.9900990099009874 AUD,0.99,0.09,100,100.00 AUD
19/09/2019 8:07,Sell,BTC/MATIC,0.00066027,702127.6596,709219.8582,4.682765957446804 MATIC,0.1,0.01,9.74,463.59382978723403 MATIC
18/09/2019 1:14,Buy,DGB/AUD,8548.469824,0.011698,0.011582178,0.9900990099009874 AUD,0.99,0.09,100,100.00 AUD
11/09/2019 17:38,Sell,SKY/BNB,1.78360368,0.024348304,0.024594246,0.0004386638791847239 BNB,0.01,0,1.37,0.04342772403928778 BNB
10/09/2019 0:27,Buy,SKY/AUD,133.9584729,0.7465,0.739108911,0.9900990099009874 AUD,0.99,0.09,100,100.00 AUD
8/09/2019 0:07,Buy,SKY/AUD,69.28086462,0.7217,0.714554455,0.4950495049504937 AUD,0.5,0.05,50,50.00 AUD
29/08/2019 20:40,Buy,SKY/AUD,148.5442662,1.0098,0.99980198,1.4851485148514882 AUD,1.49,0.14,150,150.00 AUD
27/08/2019 23:25,Sell,BNB/BSV,0.3116609,0.185151867,0.187022088,0.000582874722352876 BSV,0.12,0.01,11.47,0.05770459751293449 BSV
27/08/2019 23:24,Sell,FTM/BSV,18.4548007,0.000132556,0.000133895,0.000024710082044878973 BSV,0,0,0.49,0.0024462981224429954 BSV
27/08/2019 23:24,Sell,MATIC/BSV,1.21951219,0.000100558,0.000101574,0.0000012387039031985369 BSV,0,0,0.02,0.00012263168641665426 BSV
27/08/2019 23:23,Sell,GAS/BSV,0.04047789,0.011941269,0.012061888,0.000004882397884725599 BSV,0,0,0.1,0.0004833573905878348 BSV
27/08/2019 23:23,Sell,MCO/BSV,6,0.025323502,0.025579295,0.0015347576951561248 BSV,0.31,0.03,30.52,0.151941011820456 BSV
27/08/2019 23:22,Sell,WAN/BSV,8.9,0.003160277,0.003192199,0.00028410566989935104 BSV,0.06,0.01,5.65,0.0281264613200357 BSV
27/08/2019 23:22,Sell,NEO/BSV,4,0.06898756,0.069684404,0.0027873761497390626 BSV,0.56,0.05,55.54,0.275950238824168 BSV
27/08/2019 23:21,Sell,EOS/BSV,7.197,0.025738214,0.025998196,0.0018710901922784073 BSV,0.38,0.03,37.17,0.1852379290355621 BSV
27/08/2019 23:20,Sell,ZIL/BSV,5974.786401,5.53001E-05,5.58587E-05,0.00333743693630717 BSV,0.68,0.06,67.31,0.33040625669440804 BSV
19/08/2019 17:20,Buy,LINK/AUD,26.40615411,3.786996,3.74950099,0.9900990099009874 AUD,0.99,0.09,100,100.00 AUD
13/08/2019 12:31,Buy,MATIC/AUD,1951.219512,0.025625,0.025371287,0.4950495049504937 AUD,0.5,0.05,50,50.00 AUD
3/08/2019 1:30,Buy,STRAX/AUD,121.9066195,0.8203,0.812178218,0.9900990099009874 AUD,0.99,0.09,100,100.00 AUD
1/08/2019 13:39,Sell,GBYTE/FTM,4,1234.48306,1246.952586,49.878103448276306 FTM,1.68,0.15,166.36,4937.932241379311 FTM
1/08/2019 13:38,Sell,DOGE/FTM,15738.86125,0.119482759,0.120689655,18.995177366839698 FTM,0.64,0.06,63.33,1880.5225593171313 FTM
25/07/2019 23:30,Buy,KMD/AUD,57.7167263,1.7326,1.715445545,0.9900990099009874 AUD,0.99,0.09,100,100.00 AUD
21/07/2019 15:26,Buy,ZIL/AUD,5974.786401,0.016737,0.016571287,0.9900990099009874 AUD,0.99,0.09,100,100.00 AUD
17/07/2019 15:19,Buy,ETH/AUD,0.34175181,292.61,289.7128796,0.9900990099009874 AUD,0.99,0.09,100,100.00 AUD
11/07/2019 17:08,Buy,ETH/AUD,0.24560972,407.15,403.118822,0.9900990099009874 AUD,0.99,0.09,100,100.00 AUD
5/07/2019 17:30,Sell,WABI/DOGE,339.2015196,46.39973684,46.86842105,158.97839643242696 DOGE,0.93,0.08,92.19,15738.861246810202 DOGE
5/07/2019 11:25,Buy,WABI/AUD,339.2015196,0.29481,0.291891089,0.9900990099009874 AUD,0.99,0.09,100,100.00 AUD
3/07/2019 19:01,Sell,MATIC/BNB,2603.741307,0.000596297,0.00060232,0.015682866302033638 BNB,0.74,0.07,73.18,1.5526037639013226 BNB
3/07/2019 18:57,Buy,BNB/AUD,1.04646295,47.78,47.30693093,0.4950495049504937 AUD,0.5,0.05,50,50.00 AUD
1/07/2019 17:54,Sell,ONG/MATIC,0.00882261,16.99581281,17.16748768,0.0015146204852216627 MATIC,0,0,0,0.1499474280369458 MATIC
1/07/2019 17:52,Sell,HOT/MATIC,8.5963521,0.087783251,0.088669951,0.007622381172413761 MATIC,0,0,0.02,0.7546157360689648 MATIC
1/07/2019 2:12,Sell,GAS/MATIC,0.0772031,133.43,134.7777778,0.10405262255555492 MATIC,0,0,0.35,10.301209632999997 MATIC
1/07/2019 2:06,Sell,PPT/MATIC,100.4542604,25.80811927,26.06880734,26.18722761576555 MATIC,0.89,0.08,87.63,2592.5355339607945 MATIC
30/06/2019 10:19,Buy,LINK/AUD,5.14765316,5.835669,5.777890105,0.2974257425742586 AUD,0.3,0.03,30.04,30.04 AUD
29/06/2019 23:54,Sell,LINK/AUD,5,6.001665,6.062287879,0.30311439393939565 AUD,0.3,0.03,30.01,30.008325 AUD
28/06/2019 8:19,Sell,WAN/BNB,1.35330814,0.010270269,0.010374009,0.00014039230317719822 BNB,0.01,0,0.67,0.013898838014542687 BNB
28/06/2019 8:18,Buy,HOT/AUD,3568.596352,0.002522,0.00249703,0.0891089108910883 AUD,0.09,0.01,9,9.00 AUD
28/06/2019 8:17,Buy,MIOTA/AUD,50,0.574209,0.568712871,0.28435643564356283 AUD,0.28,0.03,28.72,28.72 AUD
28/06/2019 8:14,Buy,PPT/AUD,11.99,1.02140001,1.011569047,0.12128712871287206 AUD,0.12,0.01,12.25,12.25 AUD
27/06/2019 18:32,Buy,PPT/AUD,88.46426043,1.1304,1.119207921,0.9900990099009874 AUD,0.99,0.09,100,100.00 AUD
24/06/2019 12:41,Buy,BTTC/AUD,372.0019579,0.002043,0.002022772,0.0075247524752475314 AUD,0.01,0,0.76,0.76 AUD
24/06/2019 12:39,Buy,NEO/AUD,4,24.81,24.56435644,0.982574257425739 AUD,0.98,0.09,99.24,99.24 AUD
22/06/2019 23:34,Buy,WAN/AUD,328.3533081,0.6091,0.603069307,1.9801980198019749 AUD,1.98,0.18,200,200.00 AUD
12/06/2019 23:29,Sell,LTC/BNB,0.00012931,4.036117346,4.076886208,0.000005271821555243375 BNB,0,0,0.03,0.0005219103339690935 BNB
12/06/2019 23:27,Sell,LINK/BNB,0.04108066,0.031973544,0.03229651,0.000013267619288225702 BNB,0,0,0.06,0.0013134943095343538 BNB
12/06/2019 23:24,Buy,LINK/AUD,13.14994902,1.641071,1.624822773,0.21366336633663252 AUD,0.21,0.02,21.58,21.58 AUD
12/06/2019 23:22,Buy,EOS/AUD,1.1,9.3835,9.297929793,0.10227722772277303 AUD,0.1,0.01,10.33,10.33 AUD
12/06/2019 23:21,Buy,MCO/AUD,7,9.7258,9.630834512,0.674158415841589 AUD,0.67,0.06,68.09,68.09 AUD
7/06/2019 0:43,Sell,NPXS/BNB,1609.297236,2.69768E-05,2.72493E-05,0.00043852233443186783 BNB,0.02,0,1.93,0.0434137111087547 BNB
7/06/2019 0:33,Sell,ONG/LINK,100,0.307096657,0.310198643,0.31019864341085324 LINK,0.56,0.05,55.91,30.7096656976744 LINK
7/06/2019 0:31,Sell,XLM/LINK,1000,0.094919793,0.095878578,0.9587857847976267 LINK,1.71,0.16,169.56,94.91979269496501 LINK
7/06/2019 0:31,Sell,LSK/LINK,50,1.507233465,1.522458045,0.761229022704839 LINK,1.36,0.12,134.57,75.36167324777891 LINK
31/05/2019 22:10,Sell,GAS/LTC,1,0.028569901,0.028858486,0.00028858485724931465 LTC,0.05,0,4.51,0.028569900867682 LTC
31/05/2019 22:10,Sell,BTTC/LTC,14100,1.27135E-05,1.28419E-05,0.0018107128935363759 LTC,0.29,0.03,28.29,0.1792605764601 LTC
31/05/2019 22:09,Sell,NEO/LTC,5,0.113862059,0.11501218,0.0057506090237298135 LTC,0.91,0.08,89.99,0.569310293349255 LTC
31/05/2019 22:08,Sell,ZRX/LTC,500,0.002893977,0.002923209,0.014616045838808045 LTC,2.32,0.21,229.37,1.446988538042 LTC
31/05/2019 12:17,Sell,BTTC/AUD,78.08219178,0.002141,0.002162626,0.001688625985868497 AUD,0,0,0.17,0.16717397260098002 AUD
31/05/2019 12:12,Buy,BNB/AUD,2.54344624,47.53,47.05940602,1.196930693069305 AUD,1.2,0.11,120.89,120.89 AUD
31/05/2019 12:06,Buy,NEO/AUD,4,18.87,18.68316832,0.7473267326732724 AUD,0.75,0.07,75.48,75.48 AUD
31/05/2019 12:05,Buy,ETH/AUD,0.8,379.53,375.779703,3.006237623762388 AUD,3.01,0.27,303.63,303.63 AUD
31/05/2019 10:01,Buy,BTTC/AUD,14178.08219,0.00219,0.002168317,0.3074257425742566 AUD,0.31,0.03,31.05,31.05 AUD
31/05/2019 9:59,Buy,TRX/AUD,300,0.046348,0.045907591,0.13772277227722718 AUD,0.14,0.01,13.91,13.91 AUD
31/05/2019 9:57,Buy,HOT/AUD,3045.375,0.003162,0.003130864,0.09534653465346565 AUD,0.1,0.01,9.63,9.63 AUD
31/05/2019 9:56,Buy,VET/AUD,3662.693066,0.011183,0.011072305,0.4055445544554459 AUD,0.41,0.04,40.96,40.96 AUD
31/05/2019 9:54,Buy,EOS/AUD,5.08269927,10.9486,10.84050167,0.5509900990099013 AUD,0.55,0.05,55.65,55.65 AUD
31/05/2019 9:53,Buy,NEO/AUD,2.1904762,18.79,18.60439079,0.407524752475247 AUD,0.41,0.04,41.16,41.16 AUD
31/05/2019 9:52,Buy,BNB/AUD,0.16115326,47.36,46.93889801,0.07564356435643571 AUD,0.08,0.01,7.64,7.64 AUD
30/05/2019 23:06,Buy,VET/AUD,32862.30693,0.012172,0.012051485,3.9603960396039497 AUD,3.96,0.36,400,400.00 AUD
30/05/2019 21:27,Buy,EOS/AUD,38.91730073,12.0255,11.90643565,4.633663366336634 AUD,4.63,0.42,468,468.00 AUD
30/05/2019 21:25,Buy,ICX/AUD,200,0.659971,0.653465347,1.3069306930693187 AUD,1.31,0.12,132,132.00 AUD
30/05/2019 21:19,Buy,NEO/AUD,23.8095238,21,20.79207922,4.95049504950498 AUD,4.95,0.45,500,500.00 AUD
27/05/2019 23:50,Buy,MCO/AUD,9.26938692,10.7882,10.68138614,0.9900990099009874 AUD,0.99,0.09,100,100.00 AUD
27/05/2019 7:51,Sell,TFUEL/BTTC,10142.88568,12.313125,12.4375,1261.5214069810754 BTTC,2.53,0.23,250.29,124890.61929112705 BTTC
26/05/2019 12:50,Sell,ONG/TFUEL,16,22.82269962,23.05323194,3.6885171102661616 TFUEL,0.11,0.01,11.18,365.1631939163498 TFUEL
26/05/2019 12:48,Sell,XMR/TFUEL,1,4004.151767,4044.597744,40.44597744360908 TFUEL,1.25,0.11,124.13,4004.151766917293 TFUEL
26/05/2019 12:45,Sell,OMG/TFUEL,4,91.99901887,92.92830189,3.7171320754716817 TFUEL,0.11,0.01,11.37,367.99607547169813 TFUEL
26/05/2019 12:44,Sell,BAT/TFUEL,91,16.30894737,16.47368421,14.991052631578896 TFUEL,0.46,0.04,46.02,1484.1142105263157 TFUEL
26/05/2019 12:34,Buy,TFUEL/AUD,3918.239404,0.030626,0.030322772,1.188118811881182 AUD,1.19,0.11,120,120.00 AUD
26/05/2019 12:28,Sell,BTTC/TFUEL,56.829,0.056679389,0.057251908,0.03253568702290055 TFUEL,0,0,0.1,3.22103301526717 TFUEL
23/05/2019 21:34,Sell,PPT/HOT,100,557.24625,562.875,562.875 HOT,1.49,0.14,147.92,55724.625000000015 HOT
18/05/2019 0:37,Sell,NEO/BNB,0.3497669,0.425559813,0.429858397,0.001503502388748884 BNB,0.05,0,5.44,0.14884673648613966 BNB
18/05/2019 0:36,Sell,BNB/NEO,0.0053053,2.219607344,2.24202762,0.00011894629131437885 NEO,0,0,0.19,0.011775682840123472 NEO
18/05/2019 0:35,Sell,BAT/NEO,0.01846992,0.031559376,0.031878158,0.000005887870291923806 NEO,0,0,0.01,0.0005828991589004588 NEO
18/05/2019 0:33,Buy,NEO/AUD,18.33740831,16.36,16.1980198,2.9702970297029765 AUD,2.97,0.27,300,300.00 AUD
17/05/2019 8:22,Sell,VET/BAT,1.01288353,0.019880325,0.020081136,0.00020339851819473065 BAT,0,0,0.01,0.02013645330127835 BAT
17/05/2019 8:21,Buy,VET/AUD,8476.012884,0.011798,0.011681188,0.9900990099009874 AUD,0.99,0.09,100,100.00 AUD
16/05/2019 12:50,Buy,BCH/AUD,0.40282138,665.63,659.0396158,2.6547524752475056 AUD,2.65,0.24,268.13,268.13 AUD
16/05/2019 12:47,Buy,EOS/AUD,50,10.3342,10.23188119,5.115940594059396 AUD,5.12,0.47,516.71,516.71 AUD
16/05/2019 12:36,Buy,BAT/AUD,970,0.622877,0.616719404,5.982178217821797 AUD,5.98,0.54,604.2,604.20 AUD
16/05/2019 12:33,Buy,ETH/AUD,4,402.74,398.7524752,15.950099009900896 AUD,15.95,1.45,1610.96,1610.96 AUD
16/05/2019 0:34,Buy,BNB/AUD,5.8053053,39.96,39.56435647,2.296831683168307 AUD,2.3,0.21,231.98,231.98 AUD
16/05/2019 0:33,Buy,GAS/AUD,20,4.4821,4.438118812,0.8876237623762364 AUD,0.89,0.08,89.65,89.65 AUD
16/05/2019 0:30,Buy,BCH/AUD,1,556.12,550.6138614,5.506138613861367 AUD,5.51,0.5,556.12,556.12 AUD
16/05/2019 0:18,Buy,ETH/AUD,1,345.09,341.6732673,3.4167326732673473 AUD,3.42,0.31,345.09,345.09 AUD
16/05/2019 0:14,Buy,XNO/AUD,100,2.7716,2.744158416,2.744158415841582 AUD,2.74,0.25,277.16,277.16 AUD
15/05/2019 11:34,Sell,ADA/BAT,0.10501754,0.232320574,0.234667247,0.00024644176959547764 BAT,0,0,0.01,0.02439773518995211 BAT
15/05/2019 8:00,Buy,BAT/AUD,5.84335276,0.528806,0.523570297,0.0305940594059404 AUD,0.03,0,3.09,3.09 AUD
15/05/2019 7:59,Buy,EOS/AUD,2.23800028,8.7048,8.622442935,0.19297029702970292 AUD,0.19,0.02,19.49,19.49 AUD
15/05/2019 7:57,Buy,VET/AUD,2000,0.010142,0.010044554,0.20089108910891085 AUD,0.2,0.02,20.29,20.29 AUD
15/05/2019 7:56,Buy,ETH/AUD,0.18505396,308.72,305.6641232,0.565643564356435 AUD,0.57,0.05,57.13,57.13 AUD
14/05/2019 23:56,Sell,SYS/ETH,5345,0.000245861,0.000248344,0.01327399143119945 ETH,4.07,0.37,403.21,1.314125151688755 ETH
14/05/2019 16:16,Sell,SYS/EOS,0.94183615,0.008278949,0.008362575,0.00007876175062751772 EOS,0,0,0.07,0.007797413312124235 EOS
14/05/2019 8:42,Buy,SYS/AUD,5345.941836,0.084176,0.083342574,4.455445544554436 AUD,4.46,0.41,450,450.00 AUD
11/05/2019 15:46,Sell,ONG/BAT,0.13632962,0.957847432,0.967522659,0.0013190199638972722 BAT,0,0,0.07,0.1305829764258308 BAT
11/05/2019 0:42,Sell,ONG/ADA,0.2,5.525087719,5.580896686,0.011161793372319595 ADA,0,0,0.1,1.105017543859649 ADA
10/05/2019 8:19,Buy,ONG/AUD,186.3363296,0.536664,0.531350495,0.9900990099009874 AUD,0.99,0.09,100,100.00 AUD
9/05/2019 12:12,Buy,BTC/AUD,0.02281826,8764.91,8678.128919,1.9801980198019749 AUD,1.98,0.18,200,200.00 AUD
8/05/2019 22:26,Buy,EOS/AUD,13.9542023,7.1663,7.095346539,0.9900990099009874 AUD,0.99,0.09,100,100.00 AUD
6/05/2019 23:33,Buy,ETH/AUD,0.0075,240,237.6237624,0.017821782178217838 AUD,0.02,0,1.8,1.80 AUD
6/05/2019 23:31,Buy,ZEC/AUD,0.07,87.16,86.42149929,0.06049504950495077 AUD,0.06,0.01,6.11,6.11 AUD
6/05/2019 23:30,Buy,GBYTE/AUD,0.2,60.43,59.85148515,0.11970297029703048 AUD,0.12,0.01,12.09,12.09 AUD
6/05/2019 23:27,Sell,ZRX/ETH,0.1311901,0.001569174,0.001585025,0.0000020793954112464344 ETH,0,0,0.05,0.00020586014571339665 ETH
6/05/2019 23:27,Sell,TRX/ZRX,16,0.085833333,0.086700337,0.013872053872053813 ZRX,0.01,0,0.53,1.373333333333328 ZRX
6/05/2019 23:26,Sell,XMR/ZRX,0.02,243.7261716,246.1880522,0.049237610433319645 ZRX,0.02,0,1.87,4.874523432898612 ZRX
6/05/2019 23:25,Sell,XLM/ZRX,40,0.347083333,0.350589226,0.1402356902356896 ZRX,0.05,0,5.31,13.88333333333332 ZRX
6/05/2019 23:21,Sell,GAS/ETH,0.00821572,0.014580902,0.014728184,0.0000012100263292297005 ETH,0,0,0.03,0.0001197926065937403 ETH
6/05/2019 23:20,Sell,ZRX/ETH,7.9590949,0.001568578,0.001584422,0.00012610565778498756 ETH,0.03,0,2.94,0.012484460120713794 ETH
6/05/2019 23:19,Sell,GBYTE/ZRX,0.02986738,149.2342135,150.7416298,0.045022575395577746 ZRX,0.02,0,1.7,4.4572349641622235 ZRX
6/05/2019 23:18,Sell,ONG/ZRX,0.89539444,1.473536842,1.488421053,0.013327239349052666 ZRX,0.01,0,0.5,1.3193966955562104 ZRX
6/05/2019 23:17,Buy,ZRX/AUD,257.1824632,0.388829,0.384979208,0.9900990099009874 AUD,0.99,0.09,100,100.00 AUD
6/05/2019 23:12,Sell,NPXS/GBYTE,129297.3537,1.41524E-05,1.42953E-05,0.01848350889210537 GBYTE,1.14,0.1,113.09,1.829867380318428 GBYTE
30/04/2019 16:25,Buy,ETH/AUD,0.00083937,226.36,224.1190558,0.0018811881188118829 AUD,0,0,0.19,0.19 AUD
30/04/2019 15:44,Sell,BTTC/AUD,149.9435052,0.000796,0.00080404,0.0012056063646403992 AUD,0,0,0.12,0.1193550300994 AUD
30/04/2019 15:42,Sell,XMR/ETH,0.01060908,0.38023228,0.38407301,0.0000407466129395042 ETH,0.01,0,0.9,0.004033914681010955 ETH
30/04/2019 15:42,Sell,XLM/ETH,7.98991,0.000590585,0.000596551,0.00004766388087903712 ETH,0.01,0,1.05,0.004718724207024685 ETH
30/04/2019 15:41,Sell,WAN/ETH,0.2,0.002075179,0.002096141,0.000004192281235648515 ETH,0,0,0.09,0.00041503584232920006 ETH
30/04/2019 15:40,Sell,BAT/AUD,0.12980393,0.512893,0.518073737,0.0006724800714089929 AUD,0,0,0.07,0.06657552706949 AUD
30/04/2019 15:39,Sell,BTC/ETH,0.001347,32.56023067,32.88912189,0.00044301647185891746 ETH,0.1,0.01,9.74,0.04385863071403271 ETH
30/04/2019 12:06,Buy,ETH/AUD,0.4406451,226.94,224.6930716,0.9900990099009874 AUD,0.99,0.09,100,100.00 AUD
28/04/2019 0:56,Buy,BTTC/AUD,103092.7835,0.00097,0.000960396,0.9900990099009874 AUD,0.99,0.09,100,100.00 AUD
26/04/2019 9:05,Buy,BTC/AUD,0.03700014,7429.16,7355.605029,2.721584158415851 AUD,2.72,0.25,274.88,274.88 AUD
26/04/2019 8:53,Sell,WABI/AUD,587.0310312,0.468259,0.472988889,2.7765915516693553 AUD,2.78,0.25,274.88,274.8825636152678 AUD
25/04/2019 21:48,Buy,BNB/AUD,2.98864315,33.46,33.12871294,0.9900990099009874 AUD,0.99,0.09,100,100.00 AUD
25/04/2019 1:09,Buy,XMR/AUD,1.03060908,97.03,96.06930786,0.9900990099009874 AUD,0.99,0.09,100,100.00 AUD
19/04/2019 12:47,Sell,LINK/WABI,19.1,1.511964394,1.527236762,0.29170222154595393 WABI,0.14,0.01,13.82,28.878519933049304 WABI
19/04/2019 12:46,Sell,SRN/WABI,1430,0.094457612,0.095411729,1.3643877240960194 WABI,0.65,0.06,64.8,135.07438468550598 WABI
19/04/2019 12:43,Sell,ZIL/WABI,3195,0.062871468,0.063506533,2.0290337283500435 WABI,0.98,0.09,96.55,200.8743391066529 WABI
19/04/2019 12:41,Sell,ONT/WABI,0.0016724,3.721881565,3.759476328,0.00006287348211295521 WABI,0,0,0,0.006224474729182523 WABI
19/04/2019 12:40,Sell,GAS/WABI,0.00855997,9.07118381,9.162811929,0.0007843339523128379 WABI,0,0,0.04,0.0776490612789714 WABI
19/04/2019 12:40,Sell,LINK/WABI,0.01233515,1.510458004,1.525715155,0.00018819925296713336 WABI,0,0,0.01,0.018631726043746192 WABI
19/04/2019 12:39,Sell,ZEC/WABI,0.00342898,200.6525126,202.6793056,0.006949832853814564 WABI,0,0,0.33,0.6880334525276383 WABI
19/04/2019 12:38,Sell,ONG/WABI,0.12551354,1.638542714,1.65509365,0.0020773666305162197 WABI,0,0,0.1,0.2056592964211055 WABI
19/04/2019 12:38,Sell,WTC/WABI,0.00525329,6.602713568,6.669407644,0.00035036332483630306 WABI,0,0,0.02,0.03468596915879397 WABI
19/04/2019 12:37,Sell,BCH/WABI,0.01836935,850.6199132,859.2120335,0.15783166567776163 WABI,0.08,0.01,7.48,15.625334902098327 WABI
19/04/2019 12:36,Sell,HOT/WABI,9.61581744,0.004075316,0.004116481,0.0003958333143466927 WABI,0,0,0.02,0.03918749812032229 WABI
19/04/2019 12:36,Sell,ZIL/WABI,0.80710108,0.063217232,0.06385579,0.0005153807690803577 WABI,0,0,0.02,0.05102269613895518 WABI
19/04/2019 12:33,Buy,WABI/AUD,205.4573584,0.486719,0.4819,0.9900990099009874 AUD,0.99,0.09,100,100.00 AUD
18/04/2019 15:18,Buy,LINK/AUD,19.11233515,0.727279,0.720078218,0.1376237623762382 AUD,0.14,0.01,13.9,13.90 AUD
18/04/2019 15:16,Buy,WAN/AUD,57.2,0.631,0.624870179,0.3574257425742573 AUD,0.36,0.03,36.1,36.10 AUD
17/04/2019 12:00,Sell,ONG/ONT,2.17,0.461600183,0.466262811,0.010117902998437955 ONT,0.02,0,1.91,1.0016723968453534 ONT
16/04/2019 0:41,Sell,BSV/BCH,1,0.188369351,0.190272072,0.0019027207187875261 BCH,0.87,0.08,86.17,0.188369351159966 BCH
15/04/2019 16:39,Buy,ZIL/AUD,3195.807101,0.031291,0.030981188,0.9900990099009874 AUD,0.99,0.09,100,100.00 AUD
15/04/2019 1:10,Sell,STRAX/MCO,50,0.265256402,0.26793576,0.13396787995287518 MCO,0.76,0.07,75.59,13.26282011533455 MCO
15/04/2019 1:03,Sell,WAVES/MCO,25,0.643859118,0.650362746,0.16259068642649055 MCO,0.93,0.08,91.82,16.0964779562225 MCO
15/04/2019 1:01,Sell,BTG/MCO,1,3.839913313,3.878700316,0.03878700316239847 MCO,0.22,0.02,21.9,3.839913313077448 MCO
15/04/2019 1:01,Sell,CND/MCO,2330,0.00465319,0.004700192,0.1095144788243303 MCO,0.62,0.06,61.85,10.841933403608738 MCO
12/04/2019 8:44,Buy,BNB/AUD,3.95726157,25.27,25.01980201,0.9900990099009874 AUD,0.99,0.09,100,100.00 AUD
11/04/2019 10:59,Buy,BNB/AUD,1.94024058,25.77,25.51485161,0.4950495049504937 AUD,0.5,0.05,50,50.00 AUD
10/04/2019 9:14,Buy,HOT/AUD,1234.439834,0.001928,0.001908911,0.023564356435643585 AUD,0.02,0,2.38,2.38 AUD
10/04/2019 9:12,Buy,ONT/AUD,46,2.122,2.10116229,0.9665346534653452 AUD,0.97,0.09,97.62,97.62 AUD
5/04/2019 22:29,Buy,HOT/AUD,5.17598342,0.001932,0.001912871,0.0000990099009900991 AUD,0,0,0.01,0.01 AUD
5/04/2019 22:29,Buy,ZEC/AUD,0.33342898,104.55,103.5148519,0.3451485148514877 AUD,0.35,0.03,34.86,34.86 AUD
5/04/2019 22:25,Sell,WAVES/WTC,0.05775077,1.303070149,1.316232474,0.0007601343887811418 WTC,0,0,0.23,0.07525330448933237 WTC
5/04/2019 22:24,Buy,WTC/AUD,36.79999999,3.1285,3.097557039,1.139900990099008 AUD,1.14,0.1,115.13,115.13 AUD
5/04/2019 15:13,Sell,WTC/WAVES,0.3,0.702315312,0.709409406,0.0021282282180236645 WAVES,0.01,0,0.87,0.2106945935843415 WAVES
5/04/2019 15:11,Sell,WTC/WAVES,0.32521117,0.706693191,0.713831506,0.0023214597910873047 WAVES,0.01,0,0.94,0.22982451931764336 WAVES
5/04/2019 15:10,Sell,TRX/WAVES,0.25732069,0.009149505,0.009241924,0.000023781382488001837 WAVES,0,0,0.01,0.002354356866312178 WAVES
5/04/2019 15:10,Sell,NPXS/WAVES,2.64954016,0.000218785,0.000220994,0.000005855337370172737 WAVES,0,0,0,0.0005796783996470968 WAVES
5/04/2019 15:09,Sell,ZRX/WAVES,0.83295477,0.116648814,0.117827085,0.0009814463242540095 WAVES,0,0,0.4,0.0971631861011474 WAVES
5/04/2019 15:08,Sell,WABI/WAVES,212.1727765,0.115552687,0.116719886,0.24764782259565266 WAVES,1.02,0.09,100.93,24.517134436969503 WAVES
5/04/2019 7:00,Buy,WABI/AUD,212.1727765,0.471314,0.466647525,0.9900990099009874 AUD,0.99,0.09,100,100.00 AUD
3/04/2019 7:31,Buy,WTC/AUD,10.82521117,3.078,3.047524754,0.32990099009901286 AUD,0.33,0.03,33.32,33.32 AUD
3/04/2019 7:28,Buy,ETH/AUD,2,233.34,231.029703,4.62059405940596 AUD,4.62,0.42,466.68,466.68 AUD
3/04/2019 3:47,Buy,TRX/AUD,2626.257321,0.038077,0.0377,0.9900990099009874 AUD,0.99,0.09,100,100.00 AUD
2/04/2019 18:43,Sell,NPXS/ZRX,88.98821496,0.001821048,0.001839443,0.001636887412219512 ZRX,0,0,0.08,0.16205185380973225 ZRX
2/04/2019 18:42,Buy,NPXS/AUD,6878.097126,0.001009,0.00099901,0.06871287128712922 AUD,0.07,0.01,6.94,6.94 AUD
2/04/2019 18:39,Buy,GBYTE/AUD,1,68.22,67.54455446,0.6754455445544494 AUD,0.68,0.06,68.22,68.22 AUD
2/04/2019 18:38,Buy,STRAX/AUD,50,1.5652,1.54970297,0.7748514851485169 AUD,0.77,0.07,78.26,78.26 AUD
2/04/2019 18:37,Buy,ONT/AUD,50,2.01020001,1.99049505,0.9952475247524717 AUD,1,0.09,100.52,100.52 AUD
2/04/2019 18:37,Buy,LSK/AUD,50,2.7211,2.694257426,1.3471287128712959 AUD,1.35,0.12,136.06,136.06 AUD
2/04/2019 18:33,Buy,NPXS/AUD,108910.8911,0.00101,0.001,1.0891089108910847 AUD,1.09,0.1,110,110.00 AUD
30/03/2019 15:07,Buy,ZRX/AUD,225.6709029,0.447643,0.443210891,1.000198019801985 AUD,1,0.09,101.02,101.02 AUD
30/03/2019 14:07,Buy,HOT/AUD,5300,0.001693,0.001677564,0.08891089108910855 AUD,0.09,0.01,8.98,8.98 AUD
30/03/2019 13:47,Buy,LTC/AUD,0.11467576,87.9,87.02970898,0.09980198019801989 AUD,0.1,0.01,10.08,10.08 AUD
26/03/2019 12:09,Buy,BTC/AUD,0.03213436,5601.48,5546.020577,1.7821782178217802 AUD,1.78,0.16,180,180.00 AUD
26/03/2019 12:08,Sell,ETH/BTC,0.01013643,0.033612312,0.03395183,0.0000034415034816689775 BTC,0.02,0,1.88,0.000340708844685231 BTC
26/03/2019 12:08,Sell,HOT/AUD,54.56863291,0.001527,0.001542424,0.0008416798227633276 AUD,0,0,0.08,0.08332630245356999 AUD
26/03/2019 12:08,Sell,BTTC/BTC,0.99760527,1.88E-07,1.90E-07,1.895450012999993e-9 BTC,0,0,0,1.87649551287e-7 BTC
26/03/2019 12:07,Sell,NPXS/BTC,134.8487125,1.49E-07,1.50E-07,2.0227306869000054e-7 BTC,0,0,0.11,0.000020025033800310003 BTC
26/03/2019 12:07,Sell,GAS/BTC,0.00825506,0.00066328,0.00066998,5.5307250988000366e-8 BTC,0,0,0.03,0.000005475417847812 BTC
26/03/2019 12:07,Sell,BTG/BTC,0.0017297,0.003056833,0.00308771,5.3408119869999934e-8 BTC,0,0,0.03,0.00000528740386713 BTC
26/03/2019 12:06,Sell,ONG/BTC,0.16391836,0.000146134,0.00014761,2.419598911960016e-7 BTC,0,0,0.13,0.000023954029228404 BTC
26/03/2019 12:06,Sell,XRP/BTC,0.9501858,7.59132E-05,0.00007668,7.286024714400026e-7 BTC,0,0,0.4,0.00007213164467256 BTC
26/03/2019 12:06,Sell,VET/BTC,82.41118229,1.4058E-06,0.00000142,0.000001170238788518002 BTC,0.01,0,0.64,0.00011585364006328199 BTC
26/03/2019 12:05,Sell,WTC/BTC,0.31306866,0.000299366,0.00030239,9.466883209740038e-7 BTC,0.01,0,0.52,0.000093722143776426 BTC
26/03/2019 12:05,Sell,CND/BTC,8.30613103,3.7521E-06,3.79E-06,3.1480236603699866e-7 BTC,0,0,0.17,0.000031165434237662996 BTC
26/03/2019 12:05,Sell,TRX/BTC,4.81896319,0.000005643,0.0000057,2.7468090183000013e-7 BTC,0,0,0.15,0.00002719340928117 BTC
26/03/2019 12:04,Sell,SRN/BTC,6.11294392,8.4348E-06,0.00000852,5.20822821983998e-7 BTC,0,0,0.28,0.000051561459376416 BTC
25/03/2019 21:54,Buy,BTC/AUD,0.09133944,5693.05,5636.68318,5.148514851485174 AUD,5.15,0.47,520,520.00 AUD
25/03/2019 20:50,Buy,TRX/AUD,2994.818963,0.033391,0.033060396,0.9900990099009874 AUD,0.99,0.09,100,100.00 AUD
21/03/2019 14:37,Buy,BTC/AUD,0.01905791,5771.88,5714.734254,1.0891089108910847 AUD,1.09,0.1,110,110.00 AUD
20/03/2019 10:51,Buy,XRP/AUD,219.9532819,0.454642,0.450140594,0.9900990099009874 AUD,0.99,0.09,100,100.00 AUD
19/03/2019 15:17,Sell,DGD/WTC,4.20875419,12.66718517,12.79513653,0.5385158450140821 WTC,0.98,0.09,96.58,53.313068656394094 WTC
13/03/2019 16:50,Buy,CND/AUD,2338.306131,0.021383,0.021171287,0.4950495049504937 AUD,0.5,0.05,50,50.00 AUD
12/03/2019 16:00,Buy,SRN/AUD,202.9456771,0.05228,0.051762376,0.10504950495049492 AUD,0.11,0.01,10.61,10.61 AUD
12/03/2019 15:48,Buy,GBYTE/AUD,1,49.39,48.9009901,0.4890099009900979 AUD,0.49,0.04,49.39,49.39 AUD
12/03/2019 7:52,Buy,DGD/AUD,4.20875419,23.76,23.52475258,0.9900990099009874 AUD,0.99,0.09,100,100.00 AUD
5/03/2019 11:46,Buy,ONG/AUD,132.7834329,0.753106,0.745649505,0.9900990099009874 AUD,0.99,0.09,100,100.00 AUD
25/02/2019 7:18,Buy,SRN/AUD,1233.167267,0.040546,0.040144554,0.4950495049504937 AUD,0.5,0.05,50,50.00 AUD
23/02/2019 21:16,Buy,VET/AUD,18082.41118,0.006868,0.0068,1.2296039603960338 AUD,1.23,0.11,124.19,124.19 AUD
23/02/2019 12:34,Sell,ONT/AUD,100,1.2419,1.254444444,1.2544444444444451 AUD,1.25,0.11,124.19,124.19 AUD
23/02/2019 8:12,Buy,ONG/AUD,94.43726721,1.058904,1.048419802,0.9900990099009874 AUD,0.99,0.09,100,100.00 AUD
18/02/2019 17:42,Buy,XRP/AUD,112.9969039,0.44249,0.438108911,0.4950495049504937 AUD,0.5,0.05,50,50.00 AUD
18/02/2019 5:48,Sell,GAS/HOT,0.01395239,2258.897143,2281.714286,0.3183536758285719 HOT,0,0,0.06,31.517013907028574 HOT
18/02/2019 5:47,Sell,KMD/HOT,0.198,707.85,715,1.4157000000000153 HOT,0,0,0.25,140.1543 HOT
18/02/2019 5:46,Sell,GAS/HOT,0.04599471,2258.897143,2281.714286,1.0494678687428518 HOT,0,0,0.18,103.89731900554287 HOT
16/02/2019 23:39,Buy,NPXS/AUD,3094.262295,0.000976,0.000966337,0.029900990099009928 AUD,0.03,0,3.02,3.02 AUD
16/02/2019 23:38,Buy,ONT/AUD,5,0.9096,0.900990099,0.04504950495049531 AUD,0.05,0,4.55,4.55 AUD
16/02/2019 23:36,Buy,WAN/AUD,5.9,0.4102,0.407786541,0.024059405940594303 AUD,0.02,0,2.43,2.43 AUD
16/02/2019 23:29,Buy,ETH/AUD,0.00868479,176.17,174.4258048,0.015148514851485162 AUD,0.02,0,1.53,1.53 AUD
16/02/2019 23:27,Buy,LTC/AUD,0.00329698,62.7,63.06401376,0.002079207920792081 AUD,0,0,0.21,0.21 AUD
16/02/2019 23:24,Buy,LTC/AUD,0.61,62.71,62.10030839,0.3788118811881205 AUD,0.38,0.03,38.26,38.26 AUD
13/02/2019 22:06,Sell,WAN/BTG,0.1,0.027296976,0.027572703,0.00002757270323284263 BTG,0,0,0.04,0.0027296976200514 BTG
13/02/2019 22:03,Sell,BTTC/ETH,2.00E-08,7.77623E-06,7.85477E-06,1.5709547913131441e-15 ETH,0,0,0,1.5552452434e-13 ETH
13/02/2019 22:03,Sell,KMD/ETH,0.25115739,0.005779807,0.005838189,0.000014663042002103664 ETH,0,0,0.25,0.0014516411582082692 ETH
13/02/2019 22:02,Sell,TRX/ETH,1.80E-07,0.000192276,0.000194219,3.4959352193636327e-13 ETH,0,0,0,3.46097586717e-11 ETH
13/02/2019 22:00,Buy,HOT/AUD,1225,0.001737,0.00172156,0.021089108910890886 AUD,0.02,0,2.13,2.13 AUD
13/02/2019 21:58,Buy,NPXS/AUD,1000,0.000971,0.000970297,0.009702970297029712 AUD,0.01,0,0.98,0.98 AUD
13/02/2019 21:58,Buy,BTTC/AUD,1000,0.001431,0.001425743,0.01425742574257427 AUD,0.01,0,1.44,1.44 AUD
13/02/2019 21:56,Buy,AION/AUD,1.00E-08,0.174645,990099.0099,0.0000990099009900991 AUD,0,0,0.01,0.01 AUD
13/02/2019 21:55,Buy,AION/AUD,9.09283527,0.174722,0.173131634,0.015742574257425757 AUD,0.02,0,1.59,1.59 AUD
13/02/2019 21:53,Buy,TRX/AUD,100,0.034734,0.034455446,0.034455445544554486 AUD,0.03,0,3.48,3.48 AUD
13/02/2019 21:53,Buy,XRP/AUD,10,0.43303,0.42970297,0.042970297029702564 AUD,0.04,0,4.34,4.34 AUD
13/02/2019 21:52,Buy,DGB/AUD,100,0.012939,0.012871287,0.012871287128712883 AUD,0.01,0,1.3,1.30 AUD
13/02/2019 21:50,Buy,WAN/AUD,26,0.4131,0.40936786,0.10643564356435675 AUD,0.11,0.01,10.75,10.75 AUD
13/02/2019 21:49,Buy,BAT/AUD,330,0.171712,0.170027003,0.5610891089108918 AUD,0.56,0.05,56.67,56.67 AUD
13/02/2019 21:47,Buy,XNO/AUD,5,1.26140001,1.24950495,0.06247524752475275 AUD,0.06,0.01,6.31,6.31 AUD
13/02/2019 21:44,Buy,KMD/AUD,10.48417841,1.0492,1.038811882,0.10891089108910812 AUD,0.11,0.01,11,11.00 AUD
13/02/2019 21:20,Sell,WAN/DGB,0.21724385,30.97173913,31.28458498,0.06796383686758922 DGB,0,0,0.09,6.728419849891305 DGB
12/02/2019 22:58,Buy,KMD/AUD,90.96697898,1.0993,1.088415842,0.9900990099009874 AUD,0.99,0.09,100,100.00 AUD
11/02/2019 22:35,Buy,WAN/AUD,119.4172439,0.4187,0.414554455,0.4950495049504937 AUD,0.5,0.05,50,50.00 AUD
7/02/2019 14:55,Sell,ETH/BTC,0.01267344,0.030329452,0.03063581,0.000003882610998863999 BTC,0.02,0,1.82,0.000384378488887536 BTC
7/02/2019 14:54,Sell,XNO/BTC,0.43389368,0.00022179,0.00022403,9.720520113039993e-7 BTC,0,0,0.45,0.000096233149119096 BTC
7/02/2019 14:54,Sell,BAT/BTC,0.77628939,3.28581E-05,0.00003319,2.576504485410007e-7 BTC,0,0,0.12,0.000025507394405559002 BTC
7/02/2019 14:53,Buy,BTC/AUD,0.02085131,4795.86,4748.377967,0.9900990099009874 AUD,0.99,0.09,100,100.00 AUD
7/02/2019 7:25,Buy,XNO/AUD,45.43389368,1.1005,1.089603961,0.4950495049504937 AUD,0.5,0.05,50,50.00 AUD
6/02/2019 7:25,Buy,BAT/AUD,670.7762894,0.149081,0.14760495,0.9900990099009874 AUD,0.99,0.09,100,100.00 AUD
5/02/2019 7:07,Sell,OMG/BTC,5,0.00031387,0.00031704,0.00001585200000000001 BTC,0.08,0.01,7.43,0.001569348 BTC
5/02/2019 7:06,Sell,XLM/BTC,98.99,2.24928E-05,0.00002272,0.00002249052800000007 BTC,0.11,0.01,10.53,0.002226562272 BTC
5/02/2019 7:05,Sell,LINK/BTC,1.5,0.00011282,0.00011396,0.0000017093999999999942 BTC,0.01,0,0.8,0.0001692306 BTC
5/02/2019 7:02,Buy,BTC/AUD,0.02082218,4802.57,4755.020896,0.9900990099009874 AUD,0.99,0.09,100,100.00 AUD
1/02/2019 20:32,Buy,ETH/AUD,1.01667344,147.54,146.0792086,1.4851485148514882 AUD,1.49,0.14,150,150.00 AUD
31/01/2019 23:48,Sell,HOT/AION,0.82912947,0.008641257,0.008728542,0.00007237091678789602 AION,0,0,0,0.007164720762001735 AION
31/01/2019 10:06,Buy,BTC/AUD,0.03092528,4850.4,4802.376938,1.4851485148514882 AUD,1.49,0.14,150,150.00 AUD
29/01/2019 13:49,Buy,HOT/AUD,132.9080276,0.001881,0.001862376,0.0024752475247524774 AUD,0,0,0.25,0.25 AUD
29/01/2019 13:48,Buy,VET/AUD,5650,0.005447,0.005393849,0.30475247524752547 AUD,0.3,0.03,30.78,30.78 AUD
29/01/2019 13:45,Buy,XNO/AUD,50,1.2919,1.279207921,0.6396039603960375 AUD,0.64,0.06,64.6,64.60 AUD
29/01/2019 13:43,Buy,BTG/AUD,0.31950845,13.66,13.54184114,0.043267326732673084 AUD,0.04,0,4.37,4.37 AUD
28/01/2019 16:11,Buy,BTG/AUD,7.68049155,13.02,12.89108911,0.9900990099009874 AUD,0.99,0.09,100,100.00 AUD
27/01/2019 20:58,Buy,HOT/AUD,1996.497373,0.001713,0.00169604,0.03386138613861389 AUD,0.03,0,3.42,3.42 AUD
27/01/2019 20:57,Buy,LINK/AUD,100,0.63527,0.629009901,0.6290099009900985 AUD,0.63,0.06,63.53,63.53 AUD
27/01/2019 20:57,Buy,XLM/AUD,236,0.140035,0.138655815,0.3272277227722782 AUD,0.33,0.03,33.05,33.05 AUD
26/01/2019 8:49,Buy,HOT/AUD,301125.4237,0.001475,0.001460396,4.39762376237627 AUD,4.4,0.4,444.16,444.16 AUD
24/01/2019 15:47,Sell,HOT/AUD,335718.118,0.001323,0.001336364,4.486414849768153 AUD,4.49,0.41,444.16,444.1550701270447 AUD
23/01/2019 8:41,Sell,XLM/HOT,0.23616276,140.877,142.3,0.33605960748000285 HOT,0,0,0.03,33.269901140520005 HOT
23/01/2019 8:40,Buy,XLM/AUD,264.2361628,0.147898,0.146433663,0.38693069306930994 AUD,0.39,0.04,39.08,39.08 AUD
23/01/2019 8:38,Buy,AION/AUD,400,0.197035,0.19509901,0.7803960396039571 AUD,0.78,0.07,78.82,78.82 AUD
23/01/2019 8:37,Buy,XRP/AUD,200,0.458529,0.454009901,0.9080198019802026 AUD,0.91,0.08,91.71,91.71 AUD
22/01/2019 21:40,Sell,LINK/AUD,300,0.698686,0.705743434,2.1172303030303112 AUD,2.12,0.19,209.61,209.60580000000002 AUD
21/01/2019 20:41,Sell,WTC/TRX,60,43.31907692,43.75664336,26.253986013985923 TRX,0.92,0.08,91.34,2599.1446153846155 TRX
21/01/2019 20:40,Sell,SRN/TRX,2540,1.307966339,1.321178121,33.55792426367452 TRX,1.18,0.11,116.5,3322.2345021037877 TRX
21/01/2019 20:36,Buy,TRX/AUD,2818.966003,0.035474,0.035122772,0.9900990099009874 AUD,0.99,0.09,100,100.00 AUD
21/01/2019 14:29,Sell,WTC/HOT,0.00280443,1493.155714,1508.238095,0.042297481614285815 HOT,0,0,0,4.187450679814285 HOT
21/01/2019 14:29,Sell,SRN/HOT,0.69108936,45.02142857,45.47619048,0.31428111371428713 HOT,0,0,0.03,31.113830257714287 HOT
21/01/2019 5:51,Buy,HOT/AUD,335649.5468,0.000993,0.000983168,3.3000000000000114 AUD,3.3,0.3,333.3,333.30 AUD
20/01/2019 21:28,Sell,HOT/AUD,300000,0.001111,0.001122222,3.3666666666666742 AUD,3.37,0.31,333.3,333.3 AUD
19/01/2019 23:04,Buy,SRN/AUD,540.6910894,0.053857,0.053323762,0.2883168316831686 AUD,0.29,0.03,29.12,29.12 AUD
19/01/2019 22:58,Buy,AION/AUD,100,0.20815,0.206138614,0.20613861386138765 AUD,0.21,0.02,20.82,20.82 AUD
19/01/2019 22:57,Buy,WTC/AUD,0.03,1.6995,1.98019802,0.0005940594059405946 AUD,0,0,0.06,0.06 AUD
19/01/2019 22:29,Sell,GAS/WTC,0.17183608,1.86904856,1.887927839,0.0032441411915482554 WTC,0.01,0,0.54,0.32116997796327684 WTC
17/01/2019 8:52,Buy,TRX/AUD,1393.456329,0.035882,0.035526733,0.4950495049504937 AUD,0.5,0.05,50,50.00 AUD
16/01/2019 20:56,Buy,WTC/AUD,59.65163445,1.6764,1.65980198,0.9900990099009874 AUD,0.99,0.09,100,100.00 AUD
16/01/2019 13:42,Sell,LINK/TRX,9.63243692,20.99442478,21.20648968,2.0427017409404016 TRX,0.07,0.01,6.84,202.22747235310086 TRX
16/01/2019 8:58,Sell,NPXS/LINK,673.8878905,0.000772669,0.000780474,0.0052595195088896984 LINK,0,0,0.36,0.5206924313800846 LINK
16/01/2019 8:57,Buy,LINK/AUD,309.1117445,0.714693,0.707616832,2.187326732673256 AUD,2.19,0.2,220.92,220.92 AUD
16/01/2019 6:00,Sell,LINK/AUD,300,0.736398,0.743836364,2.2315090909090998 AUD,2.23,0.2,220.92,220.9194 AUD
14/01/2019 22:23,Sell,LINK/ETH,7.65362005,0.003574951,0.003611062,0.0002763769427512261 ETH,0.05,0,4.47,0.027361317332371356 ETH
14/01/2019 22:23,Buy,ETH/AUD,0.60342746,165.72,164.0792101,0.9900990099009874 AUD,0.99,0.09,100,100.00 AUD
13/01/2019 5:41,Buy,LINK/AUD,307.6536201,0.592517,0.586650495,1.8048514851485038 AUD,1.8,0.16,182.29,182.29 AUD
12/01/2019 7:42,Sell,LINK/AUD,300,0.60763,0.613767677,1.8413030303030382 AUD,1.84,0.17,182.29,182.289 AUD
10/01/2019 10:41,Sell,SRN/ETH,30,0.000256808,0.000259402,0.00007782064051393978 ETH,0.02,0,1.63,0.0077042434108800005 ETH
10/01/2019 10:41,Sell,LTC/ETH,0.0080021,0.25254096,0.255091879,0.000020412707233862654 ETH,0,0,0.43,0.0020208580161523958 ETH
10/01/2019 10:32,Buy,ETH/AUD,0.46674445,214.25,212.1287162,0.9900990099009874 AUD,0.99,0.09,100,100.00 AUD
8/01/2019 10:54,Buy,LTC/AUD,0.89413447,55.92,55.36633712,0.4950495049504937 AUD,0.5,0.05,50,50.00 AUD
8/01/2019 10:51,Sell,GAME/LTC,2.37706064,0.002257411,0.002280214,0.00005420206000658883 LTC,0,0,0.29,0.005366003940652298 LTC
8/01/2019 10:50,Sell,DGD/LTC,4,0.527125407,0.532449906,0.021297996222708004 LTC,1.16,0.11,115.12,2.108501626048076 LTC
4/01/2019 0:33,Sell,ADA/GAME,7.05328097,0.33701488,0.340419071,0.024010713535894457 GAME,0,0,0.43,2.3770606400535383 GAME
3/01/2019 16:05,Buy,ADA/AUD,35.05328097,0.064188,0.063552475,0.022277227722772075 AUD,0.02,0,2.25,2.25 AUD
3/01/2019 16:00,Buy,ADA/AUD,1522,0.064223,0.063588816,0.9678217821782198 AUD,0.97,0.09,97.75,97.75 AUD
2/01/2019 0:58,Sell,NEO/ETH,2,0.054163434,0.05471054,0.001094210795992992 ETH,0.21,0.02,20.76,0.108326868803306 ETH
2/01/2019 0:57,Buy,ETH/AUD,0.25717518,194.42,192.4950553,0.4950495049504937 AUD,0.5,0.05,50,50.00 AUD
2/01/2019 0:52,Sell,DGD/ETH,1,0.125479588,0.126747058,0.0012674705829454347 ETH,0.24,0.02,24.08,0.125479587711599 ETH
2/01/2019 0:51,Sell,BTG/ETH,0.31043956,0.092020525,0.092950025,0.00028855364857244617 ETH,0.06,0.01,5.48,0.028566811208672167 ETH
1/01/2019 14:23,Buy,BTG/AUD,4.31043956,18.2,18.01980198,0.7767326732673325 AUD,0.78,0.07,78.45,78.45 AUD
1/01/2019 14:19,Buy,NEO/AUD,2,10.78,10.67326733,0.21346534653465454 AUD,0.21,0.02,21.56,21.56 AUD
31/12/2018 11:37,Buy,NPXS/AUD,24394.3662,0.00071,0.00070297,0.17148514851485075 AUD,0.17,0.02,17.32,17.32 AUD
31/12/2018 11:35,Buy,XRP/AUD,14.52871622,0.528006,0.523374556,0.07603960396039611 AUD,0.08,0.01,7.68,7.68 AUD
30/12/2018 13:29,Buy,NPXS/AUD,77760.49767,0.000643,0.000636634,0.4950495049504937 AUD,0.5,0.05,50,50.00 AUD
27/12/2018 23:02,Sell,VET/XRP,3.34772701,0.011269613,0.011383448,0.00038108675839399614 XRP,0,0,0.02,0.037727589081005784 XRP
27/12/2018 21:15,Sell,ONT/XRP,0.73059843,1.578873196,1.59482141,0.011651740184924764 XRP,0.01,0,0.6,1.1535222783075534 XRP
27/12/2018 21:15,Buy,XRP/AUD,34.28003391,0.527129,0.521909901,0.17891089108911018 AUD,0.18,0.02,18.07,18.07 AUD
27/12/2018 21:13,Buy,ONT/AUD,95,0.8623,0.853778009,0.8110891089108918 AUD,0.81,0.07,81.92,81.92 AUD
25/12/2018 17:36,Buy,ONT/AUD,105.7305984,0.9458,0.936435644,0.9900990099009874 AUD,0.99,0.09,100,100.00 AUD
23/12/2018 23:39,Buy,VET/AUD,337.8280412,0.006897,0.006828713,0.023069306930693312 AUD,0.02,0,2.33,2.33 AUD
23/12/2018 23:39,Buy,ADA/AUD,250,0.063765,0.063168317,0.15792079207920828 AUD,0.16,0.01,15.95,15.95 AUD
23/12/2018 23:37,Buy,TRX/AUD,2000,0.031126,0.030821782,0.6164356435643583 AUD,0.62,0.06,62.26,62.26 AUD
23/12/2018 23:36,Buy,DGD/AUD,0.6,32.42,32.11221122,0.1926732673267324 AUD,0.19,0.02,19.46,19.46 AUD
22/12/2018 2:36,Sell,ICX/VET,0.04139136,52.94822034,53.48305085,0.022137362115254078 VET,0,0,0.01,2.1915988494101697 VET
21/12/2018 23:19,Buy,VET/AUD,6663.328087,0.006989,0.006919802,0.4610891089108904 AUD,0.46,0.04,46.57,46.57 AUD
21/12/2018 23:16,Buy,XLM/AUD,280,0.190789,0.188932107,0.529009900990097 AUD,0.53,0.05,53.43,53.43 AUD
21/12/2018 0:18,Sell,ETH/ICX,0.0001,442.5582385,447.0285238,0.0004470285237698074 ICX,0,0,0.01,0.044255823853211015 ICX
21/12/2018 0:16,Sell,ETH/ICX,0.0004,442.8052844,447.2780651,0.0017891122602168574 ICX,0,0,0.06,0.1771221137614679 ICX
21/12/2018 0:14,Sell,ETH/ICX,0.0008,442.8875229,447.3611343,0.0035788890742285417 ICX,0,0,0.12,0.35431001834862386 ICX
21/12/2018 0:13,Sell,ETH/ICX,0.0001,444.3699916,448.8585774,0.00044885857740585566 ICX,0,0,0.01,0.04443699916317991 ICX
21/12/2018 0:10,Sell,ETH/ICX,0.00002229,444.0398947,448.5251462,0.00009997625508771993 ICX,0,0,0,0.00989764925368421 ICX
21/12/2018 0:05,Sell,DGD/ICX,0.07938079,65.52129323,66.18312448,0.05253668705721015 ICX,0.02,0,1.74,5.20113201866376 ICX
21/12/2018 0:00,Buy,ICX/AUD,294.2102367,0.339893,0.336527723,0.9900990099009874 AUD,0.99,0.09,100,100.00 AUD
19/12/2018 21:39,Buy,DGD/AUD,2.20458553,22.68,22.45544563,0.4950495049504937 AUD,0.5,0.05,50,50.00 AUD
19/12/2018 21:29,Buy,DGD/AUD,2.27479526,21.98,21.76237632,0.4950495049504937 AUD,0.5,0.05,50,50.00 AUD
18/12/2018 14:48,Sell,XLM/ETH,4.74271633,0.001140902,0.001152426,0.000054656299426815956 ETH,0.01,0,0.71,0.005410973643254816 ETH
18/12/2018 14:47,Sell,SRN/ETH,4.73711279,0.000393307,0.00039728,0.000018819599285467385 ETH,0,0,0.25,0.0018631403292612631 ETH
18/12/2018 14:00,Sell,GAS/ETH,0.03426144,0.018863206,0.019053743,0.000006528086862490944 ETH,0,0,0.09,0.0006462805993866031 ETH
18/12/2018 13:43,Buy,ETH/AUD,0.7431629,134.56,133.227723,0.9900990099009874 AUD,0.99,0.09,100,100.00 AUD
17/12/2018 7:53,Buy,SRN/AUD,384.7371128,0.050554,0.050053465,0.1925742574257434 AUD,0.19,0.02,19.45,19.45 AUD
17/12/2018 7:52,Buy,XVG/AUD,10000,0.008054,0.007975248,0.7975247524752547 AUD,0.8,0.07,80.55,80.55 AUD
15/12/2018 18:11,Buy,XLM/AUD,724.7427163,0.13798,0.136613861,0.9900990099009874 AUD,0.99,0.09,100,100.00 AUD
15/12/2018 9:18,Buy,ETH/AUD,0.252839,119.76,118.5742628,0.2998019801980192 AUD,0.3,0.03,30.28,30.28 AUD
15/12/2018 9:16,Buy,ZEC/AUD,1,69.72,69.02970297,0.6902970297029754 AUD,0.69,0.06,69.72,69.72 AUD
14/12/2018 6:55,Buy,BTC/AUD,0.02190878,4564.38,4519.188243,0.9900990099009874 AUD,0.99,0.09,100,100.00 AUD
13/12/2018 22:27,Sell,ADA/ETH,5,0.000328023,0.000331336,0.000016566814470505122 ETH,0,0,0.21,0.0016401146325800001 ETH
13/12/2018 22:26,Sell,SRN/ETH,9.21340439,0.000467734,0.000472459,0.00004352956352688189 ETH,0.01,0,0.54,0.004309426789161345 ETH
13/12/2018 22:25,Buy,ETH/AUD,0.78511423,127.37,126.1089116,0.9900990099009874 AUD,0.99,0.09,100,100.00 AUD
12/12/2018 8:12,Buy,SRN/AUD,419.2134044,0.061353,0.060745545,0.25465346534653577 AUD,0.25,0.02,25.72,25.72 AUD
12/12/2018 8:08,Buy,DGB/AUD,8146.057441,0.012187,0.012066823,0.9829702970297092 AUD,0.98,0.09,99.28,99.28 AUD
11/12/2018 14:56,Sell,SRN/DGB,0.81372435,4.5792,4.625454545,0.03763844993454546 DGB,0,0,0.05,3.72620654352 DGB
11/12/2018 14:56,Buy,DGB/AUD,1237.755334,0.013169,0.013038614,0.1613861386138602 AUD,0.16,0.01,16.3,16.30 AUD
11/12/2018 14:55,Buy,ZIL/AUD,2000,0.019107,0.018920792,0.3784158415841574 AUD,0.38,0.03,38.22,38.22 AUD
11/12/2018 14:54,Buy,HOT/AUD,73000,0.000623,0.000616845,0.45029702970297336 AUD,0.45,0.04,45.48,45.48 AUD
10/12/2018 14:55,Buy,SRN/AUD,240.8137244,0.069016,0.068332673,0.16455445544554337 AUD,0.16,0.01,16.62,16.62 AUD
10/12/2018 14:53,Buy,BTG/AUD,0.25,17.17000001,17.02970297,0.04257425742574217 AUD,0.04,0,4.3,4.30 AUD
10/12/2018 14:53,Buy,PPT/AUD,5,1.8163,1.8,0.08999999999999986 AUD,0.09,0.01,9.09,9.09 AUD
9/12/2018 12:07,Sell,PPT/DGB,0.10920053,125.6084211,126.877193,0.13855056718596437 DGB,0,0,0.18,13.716506151410528 DGB
9/12/2018 12:06,Sell,XRP/DGB,0.28493034,30.69,31,0.08832840540000042 DGB,0,0,0.12,8.7445121346 DGB
9/12/2018 12:04,Sell,ADA/PPT,0.69758378,0.022898674,0.023129973,0.0001613509432785154 PPT,0,0,0.03,0.015973743384572907 PPT
9/12/2018 12:04,Sell,BTG/PPT,0.00661091,9.001095756,9.092015915,0.0006010649893342171 PPT,0,0,0.11,0.059505433944087534 PPT
9/12/2018 12:02,Sell,NEO/PPT,0.04819277,4.56862679,4.614774536,0.002223987678061007 PPT,0,0,0.39,0.22017478012803982 PPT
9/12/2018 12:01,Buy,PPT/AUD,3.05835675,1.8147,1.796732675,0.05495049504950522 AUD,0.05,0,5.55,5.55 AUD
9/12/2018 12:00,Buy,ICX/AUD,100,0.297057,0.294158416,0.29415841584158287 AUD,0.29,0.03,29.71,29.71 AUD
9/12/2018 11:59,Buy,OMG/AUD,35,1.8494,1.831117397,0.640891089108905 AUD,0.64,0.06,64.73,64.73 AUD
9/12/2018 0:44,Buy,BTG/AUD,5.67536889,17.62,17.44554458,0.9900990099009874 AUD,0.99,0.09,100,100.00 AUD
7/12/2018 23:13,Buy,ADA/AUD,2435.697584,0.041056,0.040649505,0.9900990099009874 AUD,0.99,0.09,100,100.00 AUD
7/12/2018 13:48,Sell,LINK/XRP,1.30238276,0.680359801,0.687232123,0.008950392687435138 XRP,0,0,0.36,0.8860888760560798 XRP
7/12/2018 13:47,Sell,LTC/XRP,3,83.13294715,83.97267389,2.5191802168021695 XRP,1.04,0.09,102.47,249.39884146341456 XRP
7/12/2018 11:36,Buy,ETH/AUD,1.15614754,122,120.7920793,1.396534653465352 AUD,1.4,0.13,141.05,141.05 AUD
7/12/2018 11:17,Buy,BCH/AUD,1,148,146.5346535,1.465346534653463 AUD,1.47,0.13,148,148.00 AUD
7/12/2018 11:16,Buy,NEO/AUD,12.04819277,8.30000001,8.218643565,0.99019801980198 AUD,0.99,0.09,100.01,100.01 AUD
7/12/2018 11:13,Buy,LTC/AUD,3,36.98,36.61386139,1.0984158415841563 AUD,1.1,0.1,110.94,110.94 AUD
7/12/2018 7:02,Buy,LINK/AUD,35.30238276,0.34162,0.338237624,0.11940594059405996 AUD,0.12,0.01,12.06,12.06 AUD
7/12/2018 7:01,Buy,MIOTA/AUD,250,0.351919,0.348435644,0.8710891089108941 AUD,0.87,0.08,87.98,87.98 AUD
6/12/2018 5:55,Buy,ETH/AUD,1.04427736,143.64,142.2178218,1.4851485148514882 AUD,1.49,0.14,150,150.00 AUD
5/12/2018 16:36,Buy,MCO/AUD,30.27917398,3.3026,3.269900991,0.9900990099009874 AUD,0.99,0.09,100,100.00 AUD
4/12/2018 6:54,Buy,BTG/AUD,4.26075841,23.47,23.23762379,0.9900990099009874 AUD,0.99,0.09,100,100.00 AUD
4/12/2018 2:17,Buy,PPT/AUD,46.75518982,2.1388,2.117623763,0.9900990099009874 AUD,0.99,0.09,100,100.00 AUD
3/12/2018 12:15,Sell,DGB/BTG,7.90604276,0.000687562,0.000694507,0.000054908053557601276 BTG,0,0,0.13,0.0054358973022025575 BTG
3/12/2018 12:14,Sell,PPT/BTG,0.77377816,0.090259744,0.091171459,0.0007054648347747244 BTG,0.02,0,1.71,0.06984101864269755 BTG
3/12/2018 12:14,Sell,ETC/BTG,10,0.274520669,0.277293606,0.02772936055171904 BTG,0.68,0.06,67.19,2.7452066946201996 BTG
3/12/2018 10:29,Buy,PPT/AUD,4.75649282,2.3757,2.352178219,0.11188118811881154 AUD,0.11,0.01,11.3,11.30 AUD
3/12/2018 10:28,Buy,EOS/AUD,9.79726715,3.9456,3.906929059,0.38277227722772267 AUD,0.38,0.03,38.66,38.66 AUD
3/12/2018 10:24,Sell,ELA/EOS,7,1.069696319,1.080501333,0.07563509327955042 EOS,0.29,0.03,29.07,7.487874234675498 EOS
3/12/2018 7:53,Sell,ELA/PPT,0.75,1.712388097,1.729684947,0.012972637102156348 PPT,0.03,0,3.17,1.2842910731134793 PPT
3/12/2018 7:36,Buy,PPT/AUD,39.73299427,2.5168,2.491881189,0.9900990099009874 AUD,0.99,0.09,100,100.00 AUD
1/12/2018 15:51,Buy,EOS/AUD,82.71485862,3.9398,3.900792079,3.2265346534653645 AUD,3.23,0.29,325.88,325.88 AUD
1/12/2018 15:50,Buy,BSV/AUD,1,124.12,122.8910891,1.2289108910891144 AUD,1.23,0.11,124.12,124.12 AUD
30/11/2018 13:44,Buy,NPXS/AUD,99206.34921,0.001008,0.00099802,0.9900990099009874 AUD,0.99,0.09,100,100.00 AUD
30/11/2018 10:33,Sell,LINK/DGB,0.27144135,23.5738209,23.8119403,0.06463545220746258 DGB,0,0,0.12,6.3989097685388066 DGB
30/11/2018 10:33,Sell,XLM/DGB,0.07862864,11.17665672,11.28955224,0.008876821387462708 DGB,0,0,0.02,0.8788053173588058 DGB
30/11/2018 10:33,Sell,MCO/DGB,0.00088483,156.4525075,158.0328358,0.0013983219411940195 DGB,0,0,0,0.13843387217820893 DGB
30/11/2018 10:32,Sell,WAN/DGB,4.32230416,29.93276786,30.23511905,1.3068538083761894 DGB,0.03,0,2.48,129.37852702924286 DGB
30/11/2018 10:31,Sell,ELA/DGB,0.03175511,212.3032836,214.4477612,0.06809812245970193 DGB,0,0,0.13,6.741714123510449 DGB
30/11/2018 10:30,Sell,MIOTA/DGB,0.00674825,20.7075,20.91666667,0.0014115089583333351 DGB,0,0,0,0.13973938687499998 DGB
30/11/2018 10:30,Sell,ONT/DGB,0.0799385,56.86441791,57.43880597,0.04591571991044763 DGB,0,0,0.09,4.5456562711343285 DGB
30/11/2018 10:30,Sell,XNO/DGB,0.00792079,75.48528358,76.24776119,0.006039425043880553 DGB,0,0,0.01,0.5979030793441791 DGB
30/11/2018 10:29,Sell,VET/DGB,0.88163787,0.363492537,0.367164179,0.0032370584480597153 DGB,0,0,0.01,0.3204687863579106 DGB
30/11/2018 10:29,Buy,DGB/AUD,24.12359492,0.019483,0.019290099,0.004653465346534658 AUD,0,0,0.47,0.47 AUD
30/11/2018 10:28,Buy,XNO/AUD,12.8,1.5255,1.510674505,0.19336633663366243 AUD,0.19,0.02,19.53,19.53 AUD
30/11/2018 7:02,Buy,LINK/AUD,1.41498031,0.508841,0.503802973,0.007128712871287135 AUD,0.01,0,0.72,0.72 AUD
30/11/2018 6:59,Buy,VET/AUD,206,0.007388,0.007353648,0.015148514851485162 AUD,0.02,0,1.53,1.53 AUD
30/11/2018 6:54,Buy,TRX/AUD,300,0.021562,0.021353135,0.06405940594059434 AUD,0.06,0.01,6.47,6.47 AUD
30/11/2018 6:53,Buy,ONT/AUD,4,1.1528,1.143564356,0.04574257425742623 AUD,0.05,0,4.62,4.62 AUD
30/11/2018 6:51,Buy,MIOTA/AUD,32.61999999,0.419956,0.415829443,0.13564356435643532 AUD,0.14,0.01,13.7,13.70 AUD
30/11/2018 6:47,Buy,MCO/AUD,7.16,3.2054,3.174954367,0.2273267326732693 AUD,0.23,0.02,22.96,22.96 AUD
29/11/2018 21:58,Buy,MCO/AUD,28.84088483,3.4673,3.432970298,0.9900990099009874 AUD,0.99,0.09,100,100.00 AUD
29/11/2018 6:13,Buy,BTC/AUD,0.03314182,6034.67,5974.922378,1.9801980198019749 AUD,1.98,0.18,200,200.00 AUD
28/11/2018 7:59,Buy,VET/AUD,15994.88164,0.006252,0.006190099,0.9900990099009874 AUD,0.99,0.09,100,100.00 AUD
27/11/2018 15:23,Buy,MIOTA/AUD,217.3867483,0.381716,0.377936634,0.8215841584158454 AUD,0.82,0.07,82.98,82.98 AUD
27/11/2018 15:21,Buy,GAS/AUD,6,3.0152,2.98679868,0.1792079207920807 AUD,0.18,0.02,18.1,18.10 AUD
27/11/2018 15:20,Buy,XLM/AUD,495,0.19983,0.197859786,0.9794059405940629 AUD,0.98,0.09,98.92,98.92 AUD
27/11/2018 7:06,Buy,ONT/AUD,96.0799385,1.0408,1.03049505,0.9900990099009874 AUD,0.99,0.09,100,100.00 AUD
27/11/2018 6:56,Buy,WAN/AUD,199.3223042,0.5017,0.496732673,0.9900990099009874 AUD,0.99,0.09,100,100.00 AUD
26/11/2018 20:59,Buy,BTC/AUD,0.03492861,5519.83,5465.17852,1.908910891089107 AUD,1.91,0.17,192.8,192.80 AUD
26/11/2018 19:55,Sell,BAT/AUD,507.2717404,0.194102,0.196062626,0.9945702964967609 AUD,0.99,0.09,98.46,98.46245935317978 AUD
26/11/2018 19:54,Sell,ZEC/AUD,1,94.34,95.29292929,0.9529292929292978 AUD,0.95,0.09,94.34,94.34 AUD
26/11/2018 17:01,Sell,GAS/DGB,0.00626921,195.0162976,196.9861592,0.012349475989273273 DGB,0,0,0.02,1.2225981229380622 DGB
26/11/2018 17:00,Buy,GAS/AUD,14.00626921,3.3178,3.284950496,0.4600990099009934 AUD,0.46,0.04,46.47,46.47 AUD
26/11/2018 16:59,Buy,ZEC/AUD,1,103.53,102.5049505,1.025049504950502 AUD,1.03,0.09,103.53,103.53 AUD
26/11/2018 6:55,Buy,BAT/AUD,507.2717404,0.197133,0.195181188,0.9900990099009874 AUD,0.99,0.09,100,100.00 AUD
26/11/2018 6:53,Buy,LINK/AUD,264.856461,0.377563,0.373824752,0.9900990099009874 AUD,0.99,0.09,100,100.00 AUD
25/11/2018 15:07,Buy,XNO/AUD,87.20792079,1.2625,1.25,1.090099009900996 AUD,1.09,0.1,110.1,110.10 AUD
25/11/2018 14:12,Buy,ETH/AUD,1.01943727,147.14,145.6831684,1.4851485148514882 AUD,1.49,0.14,150,150.00 AUD
25/11/2018 13:55,Buy,XLM/AUD,405.0786286,0.193123,0.191210891,0.7745544554455392 AUD,0.77,0.07,78.23,78.23 AUD
25/11/2018 13:16,Sell,BSV/AUD,1,78.33,79.12121212,0.7912121212121264 AUD,0.79,0.07,78.33,78.33 AUD
23/11/2018 13:59,Sell,SRN/DGB,0.31839501,6.794333333,6.862962963,0.021851331612222413 DGB,0,0,0.03,2.16328182961 DGB
23/11/2018 13:59,Buy,DGB/AUD,410.2564103,0.01599,0.015831683,0.06495049504950501 AUD,0.06,0.01,6.56,6.56 AUD
23/11/2018 13:58,Buy,SRN/AUD,118,0.113896,0.112770599,0.1330693069306932 AUD,0.13,0.01,13.44,13.44 AUD
23/11/2018 13:35,Sell,LINK/SRN,0.68403469,4.085980912,4.127253446,0.028231845317921334 SRN,0,0,0.31,2.7949526864742307 SRN
23/11/2018 13:34,Sell,XRP/SRN,0.27785804,5.00508744,5.055643879,0.014047512992050981 SRN,0,0,0.15,1.3907037862130365 SRN
23/11/2018 13:34,Sell,ADA/XRP,8.37688372,0.101324135,0.102347611,0.008573540380642508 XRP,0,0,0.48,0.8487804976836116 XRP
23/11/2018 13:33,Sell,OMG/XRP,0.16634968,4.040336316,4.081147794,0.006788976295464377 XRP,0,0,0.38,0.6721086532509719 XRP
23/11/2018 13:33,Sell,MCO/XRP,0.40499529,5.284902507,5.338285361,0.021619804277066113 XRP,0.01,0,1.21,2.140360623429527 XRP
23/11/2018 13:33,Sell,ONT/XRP,3.04476978,2.224816727,2.247289623,0.06842479531409396 XRP,0.04,0,3.83,6.7740547360953025 XRP
23/11/2018 13:31,Buy,XRP/AUD,346.5748012,0.577076,0.571362376,1.9801980198019749 AUD,1.98,0.18,200,200.00 AUD
21/11/2018 15:20,Buy,XRP/AUD,2.06597227,0.605042,0.599051488,0.012376237623762387 AUD,0.01,0,1.25,1.25 AUD
21/11/2018 15:13,Buy,AION/AUD,200,0.244187,0.241782178,0.4835643564356431 AUD,0.48,0.04,48.84,48.84 AUD
21/11/2018 9:29,Buy,ETH/AUD,1.12422709,177.9,176.1386145,1.9801980198019749 AUD,1.98,0.18,200,200.00 AUD
21/11/2018 7:29,Buy,SRN/AUD,878.1327385,0.113878,0.112750495,0.9900990099009874 AUD,0.99,0.09,100,100.00 AUD
20/11/2018 22:59,Buy,ELA/AUD,7.78175511,4.4977,4.453168322,0.34653465346534773 AUD,0.35,0.03,35,35.00 AUD
20/11/2018 22:56,Buy,BSV/AUD,1,89.17,88.28712871,0.8828712871287081 AUD,0.88,0.08,89.17,89.17 AUD
20/11/2018 22:55,Buy,ETC/AUD,10,7.65,7.574257426,0.7574257425742559 AUD,0.76,0.07,76.5,76.50 AUD
20/11/2018 22:42,Buy,OMG/AUD,36.77822728,2.719,2.692079209,0.9900990099009874 AUD,0.99,0.09,100,100.00 AUD
20/11/2018 22:41,Buy,GAS/AUD,15,3.5681,3.533333333,0.5300000000000011 AUD,0.53,0.05,53.53,53.53 AUD
20/11/2018 22:40,Buy,NEO/AUD,8,12.46,12.33663366,0.9869306930693114 AUD,0.99,0.09,99.68,99.68 AUD
20/11/2018 22:37,Buy,LINK/AUD,97,0.474433,0.469837705,0.45574257425742815 AUD,0.46,0.04,46.03,46.03 AUD
20/11/2018 8:24,Sell,ZIL/LINK,1.44253849,0.051526386,0.052046854,0.0007507959053133645 LINK,0,0,0.04,0.0743287946260236 LINK
20/11/2018 8:22,Sell,HOT/XRP,942.5287356,0.001095794,0.001106863,0.010432497576903232 XRP,0.01,0,0.68,1.0328172601134231 XRP
20/11/2018 8:20,Sell,DGB/ZIL,18.2239374,0.589072398,0.595022624,0.10843655059276003 ZIL,0,0,0.31,10.735218508683253 ZIL
20/11/2018 8:18,Buy,LINK/AUD,178.6097059,0.559824,0.554281188,0.9899999999999949 AUD,0.99,0.09,99.99,99.99 AUD
20/11/2018 8:17,Buy,ADA/AUD,778.3768837,0.07233001,0.071626581,0.5575247524752456 AUD,0.56,0.05,56.31,56.31 AUD
20/11/2018 8:16,Buy,DGB/AUD,2500,0.01822,0.018039604,0.45099009900989984 AUD,0.45,0.04,45.55,45.55 AUD
20/11/2018 8:15,Buy,ZIL/AUD,2795,0.029651,0.029359358,0.8205940594059342 AUD,0.82,0.07,82.88,82.88 AUD
20/11/2018 8:13,Buy,HOT/AUD,114942.5287,0.00087,0.000861386,0.9900990099009874 AUD,0.99,0.09,100,100.00 AUD
20/11/2018 8:11,Buy,AION/AUD,400,0.288153,0.285321782,1.1412871287128752 AUD,1.14,0.1,115.27,115.27 AUD
19/11/2018 16:57,Buy,OMG/AUD,28.3881224,3.5226,3.487722773,0.9900990099009874 AUD,0.99,0.09,100,100.00 AUD
19/11/2018 16:46,Buy,ZIL/AUD,1495.70732,0.033429,0.03309802,0.4950495049504937 AUD,0.5,0.05,50,50.00 AUD
19/11/2018 7:44,Buy,DGB/AUD,4229.223937,0.023645,0.023410891,0.9900990099009874 AUD,0.99,0.09,100,100.00 AUD
17/11/2018 18:00,Buy,ONT/AUD,53.04476978,1.8852,1.866534654,0.9900990099009874 AUD,0.99,0.09,100,100.00 AUD
16/11/2018 22:01,Sell,GAS/MCO,0.66098816,0.982580803,0.992505862,0.006560346232073799 MCO,0.03,0,3.45,0.6494742769753026 MCO
16/11/2018 22:00,Sell,HOT/MCO,164.1661666,0.000185127,0.000186997,0.00030698506418073285 MCO,0,0,0.16,0.03039152135389255 MCO
16/11/2018 21:59,Sell,ICX/MCO,33.94896276,0.109240986,0.11034443,0.03746078951606924 MCO,0.2,0.02,19.65,3.7086181620908483 MCO
16/11/2018 21:58,Sell,NEO/XRP,0.38502961,26.41085909,26.67763544,0.10271679571042469 XRP,0.07,0.01,6.61,10.168962775332002 XRP
16/11/2018 21:57,Sell,WAN/MCO,0.21339618,0.175571203,0.177344649,0.0003784467064470651 MCO,0,0,0.2,0.03746622393825958 MCO
16/11/2018 21:56,Sell,ZIL/MCO,28.06083459,0.006697548,0.0067652,0.0018983716252121141 MCO,0.01,0,1,0.18793879089599994 MCO
16/11/2018 21:55,Sell,LINK/MCO,4.62986536,0.130694618,0.132014766,0.006112105905367704 MCO,0.03,0,3.22,0.605098484631397 MCO
16/11/2018 21:41,Sell,XNO/MCO,39.18105456,0.358247038,0.361865695,0.14178279546610817 MCO,0.76,0.07,74.75,14.036496751144714 MCO
16/11/2018 21:38,Sell,ETH/MCO,1,45.14951108,45.60556674,0.4560556674338301 MCO,2.42,0.22,239.48,45.14951107594937 MCO
15/11/2018 7:17,Buy,ETH/AUD,2.02396373,247.04,244.5940595,4.95049504950498 AUD,4.95,0.45,500,500.00 AUD
15/11/2018 7:12,Buy,NEO/AUD,5.38502961,18.57,18.38613864,0.9900990099009874 AUD,0.99,0.09,100,100.00 AUD
14/11/2018 23:10,Buy,GAS/AUD,15.62085071,6.4017,6.338316832,0.9900990099009874 AUD,0.99,0.09,100,100.00 AUD
14/11/2018 16:13,Buy,WAN/AUD,82.46742535,1.2126,1.20059406,0.9900990099009874 AUD,0.99,0.09,100,100.00 AUD
14/11/2018 15:23,Buy,ICX/AUD,133.9489628,0.746553,0.739161386,0.9900990099009874 AUD,0.99,0.09,100,100.00 AUD
13/11/2018 11:22,Buy,WAN/AUD,76.74597083,1.303,1.29009901,0.9900990099009874 AUD,0.99,0.09,100,100.00 AUD
13/11/2018 8:01,Sell,ICX/HOT,23.2381565,532.063125,537.4375,124.89056733968755 HOT,0.17,0.02,17.29,12364.166166629062 HOT
12/11/2018 5:56,Buy,ICX/AUD,123.2381565,0.811437,0.80340297,0.9900990099009874 AUD,0.99,0.09,100,100.00 AUD
10/11/2018 22:25,Buy,XNO/AUD,38.18105456,2.6191,2.593168317,0.9900990099009874 AUD,0.99,0.09,100,100.00 AUD
9/11/2018 22:30,Buy,ZIL/AUD,2011.060835,0.049725,0.049232673,0.9900990099009874 AUD,0.99,0.09,100,100.00 AUD
7/11/2018 13:12,Sell,DGB/LINK,5.12956107,0.043725782,0.044167457,0.002265596679067866 LINK,0,0,0.15,0.22429407122771983 LINK
7/11/2018 13:10,Buy,LINK/AUD,36.53662065,0.684245,0.677470297,0.24752475247524686 AUD,0.25,0.02,25,25.00 AUD
7/11/2018 7:13,Buy,LINK/AUD,64.29205164,0.699931,0.69300099,0.44554455445544505 AUD,0.45,0.04,45,45.00 AUD
7/11/2018 7:09,Buy,LINK/AUD,28.576899,0.699866,0.692936634,0.1980198019801982 AUD,0.2,0.02,20,20.00 AUD
1/11/2018 10:12,Buy,BTC/AUD,0.00788478,9011.01,8921.813247,0.7034653465346565 AUD,0.7,0.06,71.05,71.05 AUD
1/11/2018 10:11,Sell,VET/BTC,6907.35194,1.6236E-06,0.00000164,0.00011328057181747564 BTC,1.01,0.09,99.68,0.011214776609930125 BTC
1/11/2018 6:57,Sell,LINK/AUD,100,0.710505,0.717681818,0.7176818181818163 AUD,0.72,0.07,71.05,71.0505 AUD
1/11/2018 6:54,Buy,DGB/AUD,3305.129561,0.030256,0.029956436,0.9900990099009874 AUD,0.99,0.09,100,100.00 AUD
30/10/2018 22:47,Buy,VET/AUD,6807.35194,0.01469,0.014544554,0.9900990099009874 AUD,0.99,0.09,100,100.00 AUD
30/10/2018 12:52,Sell,MIOTA/BTC,112.5,0.00007029,0.000071,0.00007987500000000008 BTC,0.7,0.06,69.77,0.007907625000000001 BTC
30/10/2018 12:52,Sell,NXS/BTC,100.1856763,0.000108009,0.0001091,0.0001093025728542106 BTC,0.96,0.09,95.48,0.010820954712566791 BTC
30/10/2018 10:06,Sell,MIOTA/NXS,0.5,0.613943326,0.620144774,0.0031007238700564987 NXS,0,0,0.31,0.306971663135593 NXS
30/10/2018 10:05,Sell,LINK/NXS,2.4074281,0.578461335,0.584304379,0.014066707798287448 NXS,0.01,0,1.39,1.3926040720304562 NXS
30/10/2018 10:04,Sell,MIOTA/NXS,0.51878351,0.615254237,0.621468927,0.0032240783107344573 NXS,0,0,0.32,0.3191837527627121 NXS
30/10/2018 10:03,Buy,MIOTA/AUD,113.5187835,0.63593,0.629633663,0.7147524752475221 AUD,0.71,0.06,72.19,72.19 AUD
30/10/2018 10:02,Buy,LINK/AUD,46.20371405,0.60174001,0.595940262,0.27534653465346537 AUD,0.28,0.03,27.81,27.81 AUD
29/10/2018 23:17,Buy,NXS/AUD,5.44554455,1.01,1.000000001,0.05445544554455406 AUD,0.05,0,5.5,5.50 AUD
29/10/2018 23:16,Buy,ICX/AUD,50,0.889956,0.881188119,0.44059405940593876 AUD,0.44,0.04,44.5,44.50 AUD
29/10/2018 12:02,Buy,NXS/AUD,92.72137227,1.0785,1.067821782,0.9900990099009874 AUD,0.99,0.09,100,100.00 AUD
29/10/2018 7:01,Sell,RVN/LINK,977.5032752,0.108647937,0.109745391,1.0727647883779667 LINK,0.66,0.06,65.71,106.2037140494184 LINK
26/10/2018 15:40,Sell,LINK/RVN,40,7.842825822,7.922046285,3.1688185140072846 RVN,0.24,0.02,23.28,313.71303288672357 RVN
26/10/2018 15:38,Buy,RVN/AUD,663.7902423,0.075325,0.074579208,0.4950495049504937 AUD,0.5,0.05,50,50.00 AUD
25/10/2018 14:46,Sell,HOT/ETH,25.70910607,5.06361E-06,5.11476E-06,0.0000013149592917637899 ETH,0,0,0.04,0.00013018096988461636 ETH
25/10/2018 14:45,Sell,LINK/ETH,3.33333333,0.001960884,0.001980691,0.00006602303788242822 ETH,0.02,0,1.84,0.006536280750360385 ETH
25/10/2018 14:31,Buy,ETH/AUD,0.35010328,285.63,282.8019806,0.9900990099009874 AUD,0.99,0.09,100,100.00 AUD
25/10/2018 6:03,Buy,LINK/AUD,83.33333333,0.6,0.594059406,0.4950495049504937 AUD,0.5,0.05,50,50.00 AUD
23/10/2018 22:08,Sell,DGB/ETH,2858,0.000108392,0.000109487,0.0031291340036274096 ETH,0.88,0.08,87.53,0.309784266359114 ETH
23/10/2018 21:59,Sell,QTUM/ETH,25,0.020409673,0.020615832,0.005153957880834059 ETH,1.46,0.13,144.2,0.510241830202575 ETH
23/10/2018 14:35,Sell,DGB/HOT,0.215165,19.03,19.22222222,0.04135949444444442 HOT,0,0,0.01,4.09458995 HOT
23/10/2018 14:00,Sell,DCR/DGB,1.44967958,1971.618559,1991.533898,28.870860252506645 DGB,0.92,0.08,91.54,2858.215164998171 DGB
23/10/2018 13:39,Sell,NAS/DCR,42.85775511,0.033825374,0.034167044,0.014643228081266058 DCR,0.96,0.09,95.34,1.4496795800453275 DCR
23/10/2018 7:37,Buy,NAS/AUD,42.85775511,2.3333,2.31019802,0.9900990099009874 AUD,0.99,0.09,100,100.00 AUD
19/10/2018 14:33,Sell,TRX/HOT,55,20.405,20.61111111,11.336111111111222 HOT,0.02,0,1.82,1122.275 HOT
19/10/2018 14:31,Sell,XRP/HOT,5,387.255,391.1666667,19.558333333333394 HOT,0.03,0,3.14,1936.275 HOT
19/10/2018 14:20,Sell,GAS/HOT,15,4367,4411.111111,661.6666666666715 HOT,1.07,0.1,106.16,65505 HOT
19/10/2018 13:59,Buy,HOT/AUD,32258.06452,0.00155,0.001534653,0.4950495049504937 AUD,0.5,0.05,50,50.00 AUD
18/10/2018 11:20,Sell,QTUM/ETH,1.37042028,0.018396672,0.018582497,0.00025465831318684934 ETH,0.07,0.01,7.3,0.025211173005498196 ETH
18/10/2018 11:19,Sell,LINK/ETH,7.04142657,0.001771126,0.001789016,0.00012597224843533504 ETH,0.04,0,3.61,0.01247125259509819 ETH
18/10/2018 11:19,Sell,ICX/ETH,3.67034325,0.003378415,0.003412541,0.00012525195703871894 ETH,0.04,0,3.59,0.012399943746833097 ETH
18/10/2018 11:17,Buy,ETH/AUD,0.34294728,291.59,288.7029779,0.9900990099009874 AUD,0.99,0.09,100,100.00 AUD
18/10/2018 7:40,Buy,QTUM/AUD,17.7755657,5.6257,5.570000002,0.9900990099009874 AUD,0.99,0.09,100,100.00 AUD
18/10/2018 7:35,Sell,SRN/QTUM,462.7829918,0.018572106,0.018759703,0.08681671289728143 QTUM,0.48,0.04,47.73,8.594854576830926 QTUM
17/10/2018 14:58,Buy,ICX/AUD,203.6703433,0.981979,0.972256436,1.9801980198019749 AUD,1.98,0.18,200,200.00 AUD
17/10/2018 9:40,Buy,SRN/AUD,462.7829918,0.108042,0.106972277,0.4950495049504937 AUD,0.5,0.05,50,50.00 AUD
16/10/2018 22:39,Buy,LINK/AUD,202.0414266,0.494948,0.490047525,0.9900990099009874 AUD,0.99,0.09,100,100.00 AUD
16/10/2018 8:00,Buy,ETH/AUD,0.35087168,286.8,283.9604022,0.9963366336633612 AUD,1,0.09,100.63,100.63 AUD
16/10/2018 7:49,Sell,AION/AUD,1.00819874,0.593292,0.599284848,0.006041982291435155 AUD,0.01,0,0.6,0.5981562468520801 AUD
16/10/2018 7:49,Sell,LINK/ETH,2.5644254,0.001584904,0.001600913,0.00004105422335298845 ETH,0.01,0,1.15,0.004064368111945845 ETH
16/10/2018 7:48,Sell,ADA/ETH,16.60591248,0.00035216,0.000355717,0.00005907001905805769 ETH,0.02,0,1.66,0.005847931886747722 ETH
16/10/2018 7:46,Sell,TRX/AUD,0.88634609,0.033251,0.033586869,0.00029769589735949634 AUD,0,0,0.03,0.029471893838590002 AUD
16/10/2018 7:44,Sell,NEO/ETH,0.4,0.076716578,0.077491493,0.00030996597304430024 ETH,0.09,0.01,8.73,0.030686631331385602 ETH
16/10/2018 7:43,Sell,GAS/ETH,5.5511829,0.024471385,0.02471857,0.0013721730540817434 ETH,0.39,0.04,38.68,0.1358451323540913 ETH
16/10/2018 7:42,Sell,ZRX/ETH,50.30054576,0.003453042,0.003487921,0.0017544434468488301 ETH,0.5,0.05,49.55,0.17368990123803427 ETH
16/10/2018 7:41,Sell,MIOTA/ETH,71.48913293,0.002349405,0.002373136,0.0016965344740602628 ETH,0.48,0.04,47.87,0.16795691293196705 ETH
15/10/2018 22:29,Buy,ZRX/AUD,50.30054576,0.994025,0.984183168,0.4950495049504937 AUD,0.5,0.05,50,50.00 AUD
15/10/2018 16:10,Buy,TRX/AUD,1403.626972,0.035622,0.035269307,0.4950495049504937 AUD,0.5,0.05,50,50.00 AUD
14/10/2018 21:35,Buy,LINK/AUD,110.82813,0.451149,0.446682178,0.4950495049504937 AUD,0.5,0.05,50,50.00 AUD
13/10/2018 10:45,Buy,MIOTA/AUD,71.48913293,0.699407,0.692482178,0.4950495049504937 AUD,0.5,0.05,50,50.00 AUD
12/10/2018 23:48,Sell,KEY/TRX,11750.88132,0.242727273,0.245179063,28.810700747438204 TRX,0.92,0.08,90.92,2852.2593739963945 TRX
12/10/2018 17:34,Buy,ADA/AUD,4.60591248,0.106385,0.105331683,0.004851485148514856 AUD,0,0,0.49,0.49 AUD
12/10/2018 17:33,Buy,XLM/AUD,160,0.309425,0.306373762,0.49019801980197997 AUD,0.49,0.04,49.51,49.51 AUD
12/10/2018 15:43,Sell,GAS/AION,0.08290795,12.32048458,12.44493392,0.01031783959251098 AION,0.01,0,0.57,1.0214661196585904 AION
12/10/2018 15:41,Sell,NEO/AION,0.00300076,39.11091882,39.5059786,0.0011854796035242338 AION,0,0,0.07,0.11736248074889867 AION
12/10/2018 11:26,Buy,NEO/AUD,9.10746812,21.96,21.74257427,1.9801980198019749 AUD,1.98,0.18,200,200.00 AUD
12/10/2018 11:15,Sell,MCO/AION,38.29604075,10.44153292,10.54700295,4.039084546839206 AION,2.14,0.19,212.12,399.8693701370783 AION
11/10/2018 18:35,Sell,STMX/MCO,4138.5374,0.001716168,0.001733503,0.07174166301242035 MCO,0.43,0.04,42.87,7.1024246382295955 MCO
11/10/2018 18:34,Sell,DGB/MCO,2845.031153,0.005222445,0.005275197,0.15008098577415296 MCO,0.92,0.08,90.62,14.858017591641106 MCO
11/10/2018 18:33,Buy,MCO/AUD,16.33559852,6.1216,6.060990105,0.9900990099009874 AUD,0.99,0.09,100,100.00 AUD
11/10/2018 14:09,Buy,NEO/AUD,4.29553264,23.28,23.04950498,0.9900990099009874 AUD,0.99,0.09,100,100.00 AUD
11/10/2018 13:39,Buy,KEY/AUD,11750.88132,0.00851,0.008425743,0.9900990099009874 AUD,0.99,0.09,100,100.00 AUD
9/10/2018 22:53,Buy,STMX/AUD,64.19111074,0.012307,0.012185149,0.007821782178217829 AUD,0.01,0,0.79,0.79 AUD
9/10/2018 22:52,Buy,ICX/AUD,50,0.9842,0.974455446,0.4872277227722748 AUD,0.49,0.04,49.21,49.21 AUD
8/10/2018 8:40,Buy,LINK/AUD,206.7362955,0.483708,0.478918812,0.9900990099009874 AUD,0.99,0.09,100,100.00 AUD
7/10/2018 11:33,Buy,GAS/AUD,20.58290795,9.7168,9.620594061,1.9801980198019749 AUD,1.98,0.18,200,200.00 AUD
5/10/2018 23:53,Buy,DGB/AUD,2845.031153,0.035149,0.03480099,0.9900990099009874 AUD,0.99,0.09,100,100.00 AUD
5/10/2018 16:35,Sell,XLM/STMX,1.97710284,27.35526316,27.63157895,0.5463047321052628 STMX,0.01,0,0.66,54.08416847842105 STMX
5/10/2018 16:35,Buy,STMX/AUD,4020.262121,0.012437,0.012313861,0.4950495049504937 AUD,0.5,0.05,50,50.00 AUD
3/10/2018 18:41,Buy,XLM/AUD,54.97710284,0.334321,0.331010891,0.1819801980198008 AUD,0.18,0.02,18.38,18.38 AUD
3/10/2018 18:39,Buy,ICX/AUD,250,0.926478,0.917306931,2.293267326732689 AUD,2.29,0.21,231.62,231.62 AUD
3/10/2018 16:32,Sell,XRP/ETH,0.27278433,0.002333893,0.002357468,0.000006430803357359996 ETH,0,0,0.19,0.0006366495323786415 ETH
3/10/2018 16:32,Sell,AION/ETH,0.83482913,0.001805855,0.001824096,0.000015228083634647328 ETH,0,0,0.46,0.0015075802798300935 ETH
3/10/2018 16:32,Sell,TRX/ETH,2.17728078,9.68654E-05,9.78438E-05,0.000002130334496050956 ETH,0,0,0.06,0.0002109031151090454 ETH
3/10/2018 16:31,Buy,ETH/AUD,0.32658393,306.2,303.1683188,0.9900990099009874 AUD,0.99,0.09,100,100.00 AUD
3/10/2018 11:38,Buy,XRP/AUD,135.2727843,0.739247,0.731927723,0.9900990099009874 AUD,0.99,0.09,100,100.00 AUD
30/09/2018 17:43,Sell,XRP/ETH,8.16832449,0.002464436,0.002489329,0.00020333649789443936 ETH,0.07,0.01,6.5,0.02013031329154961 ETH
30/09/2018 17:42,Sell,DGB/ETH,3322.391415,0.000103813,0.000104862,0.003483918547210807 ETH,1.13,0.1,111.66,0.3449079361738677 ETH
30/09/2018 17:39,Sell,MIOTA/ETH,100,0.00237382,0.002397798,0.0023977984004020236 ETH,0.78,0.07,76.86,0.23738204163979998 ETH
30/09/2018 17:36,Sell,GAS/ETH,16.13764784,0.025641428,0.025900432,0.004179720579227941 ETH,1.35,0.12,134.1,0.4137923373435648 ETH
30/09/2018 11:51,Sell,MIOTA/DGB,20,22.28021053,22.50526316,4.501052631578943 DGB,0.16,0.01,15.44,445.60421052631574 DGB
30/09/2018 11:29,Buy,DGB/AUD,2876.787204,0.034761,0.034416832,0.9900990099009874 AUD,0.99,0.09,100,100.00 AUD
30/09/2018 9:56,Buy,XRP/AUD,1.55582744,0.803431,0.79547624,0.012376237623762387 AUD,0.01,0,1.25,1.25 AUD
29/09/2018 9:59,Sell,NEO/GAS,6.11437771,2.639295216,2.665954763,0.1630065438157402 GAS,1.62,0.15,160.62,16.137647837758244 GAS
29/09/2018 1:56,Sell,MIOTA/AUD,1.60863943,0.777674,0.785529293,0.012636333940260869 AUD,0.01,0,1.25,1.25099706008582 AUD
28/09/2018 17:31,Buy,MIOTA/AUD,120.6086394,0.829128,0.820918812,0.9900990099009874 AUD,0.99,0.09,100,100.00 AUD
28/09/2018 15:43,Sell,GAS/NEO,10,0.408289846,0.412413986,0.041241398570514676 NEO,1.18,0.11,117.25,4.08289845848095 NEO
28/09/2018 14:16,Buy,NEO/AUD,2.02811523,28.81,28.52475258,0.5785148514851457 AUD,0.58,0.05,58.43,58.43 AUD
28/09/2018 14:05,Sell,GAS/AUD,5,11.6853,11.80333333,0.5901666666666685 AUD,0.59,0.05,58.43,58.4265 AUD
28/09/2018 13:15,Sell,GAS/ETH,0.58026497,0.023730252,0.023969951,0.00013908923175001177 ETH,0.04,0,4.41,0.013769833943251188 ETH
28/09/2018 13:15,Buy,ETH/AUD,0.30988534,322.7,319.504953,0.9900990099009874 AUD,0.99,0.09,100,100.00 AUD
28/09/2018 13:14,Sell,QSP/ETH,978.4544334,0.000154369,0.000155928,0.0015256851421288076 ETH,0.49,0.04,48.49,0.15104282907075173 ETH
27/09/2018 8:48,Buy,QSP/AUD,978.4544334,0.051101,0.05059505,0.4950495049504937 AUD,0.5,0.05,50,50.00 AUD
25/09/2018 22:22,Buy,ETH/AUD,0.41140976,291.68,288.7920821,1.188118811881182 AUD,1.19,0.11,120,120.00 AUD
25/09/2018 16:17,Buy,TRX/AUD,2.02095052,0.029689,0.02939505,0.0005940594059405946 AUD,0,0,0.06,0.06 AUD
25/09/2018 16:16,Buy,XLM/AUD,5,0.340994,0.338613861,0.016930693069306946 AUD,0.02,0,1.71,1.71 AUD
25/09/2018 16:14,Buy,AION/AUD,258,0.586131,0.580359199,1.4973267326732582 AUD,1.5,0.14,151.23,151.23 AUD
24/09/2018 14:06,Buy,GAS/AUD,1.38026497,7.5855,7.51039609,0.10366336633663309 AUD,0.1,0.01,10.47,10.47 AUD
24/09/2018 14:04,Buy,ADA/AUD,312,0.126669,0.125444275,0.3913861386138606 AUD,0.39,0.04,39.53,39.53 AUD
24/09/2018 9:49,Sell,XRP/TRX,0.0072255,23.68235294,23.92156863,0.0017284529411764615 TRX,0,0,0.01,0.1711168411764706 TRX
24/09/2018 9:48,Sell,XLM/TRX,0.0093,11.69142857,11.80952381,0.0010982857142857183 TRX,0,0,0,0.10873028571428571 TRX
24/09/2018 9:46,Sell,XLM/TRX,0.0207,11.73302521,11.85154062,0.002453268907563033 TRX,0,0,0.01,0.24287362184873945 TRX
24/09/2018 9:45,Sell,XLM/TRX,0.008,11.73579832,11.85434174,0.0009483473389355762 TRX,0,0,0,0.09388638655462185 TRX
24/09/2018 9:43,Sell,XLM/TRX,0.0003759,11.7607563,11.87955182,0.00004465523529411774 TRX,0,0,0,0.004420868294117647 TRX
24/09/2018 9:42,Sell,XLM/TRX,0.000249,11.75521008,11.87394958,0.00002956613445378141 TRX,0,0,0,0.002927047310924369 TRX
23/09/2018 23:06,Sell,QTUM/XRP,36.05227579,7.117989556,7.189888441,2.5921184095772674 XRP,2.02,0.18,199.53,256.6197225481465 XRP
21/09/2018 22:09,Buy,AION/AUD,9.87664151,0.653056,0.646590099,0.0638613861386137 AUD,0.06,0.01,6.45,6.45 AUD
21/09/2018 22:05,Buy,ICX/AUD,100,0.935495,0.926237624,0.9262376237623755 AUD,0.93,0.08,93.55,93.55 AUD
21/09/2018 18:36,Buy,QTUM/AUD,36.05227579,5.5475,5.492574259,1.9801980198019749 AUD,1.98,0.18,200,200.00 AUD
21/09/2018 8:31,Buy,TRX/AUD,44.18162044,0.029424,0.029132673,0.012871287128712883 AUD,0.01,0,1.3,1.30 AUD
21/09/2018 8:29,Buy,ZIL/AUD,3717,0.046738,0.04627654,1.7200990099009914 AUD,1.72,0.16,173.73,173.73 AUD
20/09/2018 22:54,Buy,XLM/AUD,9.58026872,0.294355,0.291440594,0.027920792079207946 AUD,0.03,0,2.82,2.82 AUD
20/09/2018 22:54,Buy,ICX/AUD,25,0.837634,0.82970297,0.20742574257425872 AUD,0.21,0.02,20.95,20.95 AUD
20/09/2018 22:53,Buy,ADA/AUD,483.1995709,0.102572,0.101571299,0.490792079207921 AUD,0.49,0.04,49.57,49.57 AUD
20/09/2018 22:51,Buy,XRP/AUD,51.46913581,0.499,0.494192163,0.25435643564356525 AUD,0.25,0.02,25.69,25.69 AUD
20/09/2018 22:50,Buy,XVG/AUD,46.61031121,0.020055,0.019967536,0.009306930693069315 AUD,0.01,0,0.94,0.94 AUD
20/09/2018 22:45,Buy,XVG/AUD,4956.138177,0.020177,0.019977228,0.9900990099009874 AUD,0.99,0.09,100,100.00 AUD
20/09/2018 22:42,Buy,XVG/AUD,4997.251512,0.020011,0.019812871,0.9900990099009874 AUD,0.99,0.09,100,100.00 AUD
20/09/2018 22:19,Buy,XRP/AUD,197.5308642,0.50625,0.501237624,0.9900990099009874 AUD,0.99,0.09,100,100.00 AUD
20/09/2018 22:14,Buy,TRX/AUD,3454.350755,0.028949,0.028662376,0.9900990099009874 AUD,0.99,0.09,100,100.00 AUD
20/09/2018 10:58,Buy,XLM/AUD,171.4583562,0.291616,0.288728713,0.4950495049504937 AUD,0.5,0.05,50,50.00 AUD
20/09/2018 8:08,Sell,GAS/NEO,0.1,0.286524701,0.28941889,0.0002894188900766925 NEO,0.01,0,0.68,0.0286524701175927 NEO
20/09/2018 8:02,Sell,POE/NEO,3994.886545,0.00049431,0.000499303,0.019946581388377904 NEO,0.48,0.04,47.07,1.9747115574494174 NEO
19/09/2018 16:23,Buy,POE/AUD,3994.886545,0.012516,0.012392079,0.4950495049504937 AUD,0.5,0.05,50,50.00 AUD
18/09/2018 8:03,Sell,GAS/ETH,0.13670639,0.023970266,0.02421239,0.000033099884746480915 ETH,0.01,0,0.9,0.0032768885899015932 ETH
18/09/2018 7:54,Buy,ETH/AUD,1.00157389,279.56,276.7920825,2.772277227722782 AUD,2.77,0.25,280,280.00 AUD
17/09/2018 18:20,Buy,GAS/AUD,13.43670639,7.4423,7.368613864,0.9900990099009874 AUD,0.99,0.09,100,100.00 AUD
17/09/2018 16:42,Sell,ICX/ETH,1.16534015,0.002847507,0.002876269,0.0000335183203852207 ETH,0.01,0,1.02,0.0033183137181368376 ETH
17/09/2018 16:40,Sell,GAS/ETH,0.05204838,0.02382228,0.024062909,0.000012524354184810689 ETH,0,0,0.38,0.001239911064296247 ETH
17/09/2018 8:37,Buy,ADA/AUD,1014.898713,0.098532,0.097556436,0.9900990099009874 AUD,0.99,0.09,100,100.00 AUD
14/09/2018 23:03,Buy,ICX/AUD,7.03436507,0.861485,0.852955447,0.05999999999999961 AUD,0.06,0.01,6.06,6.06 AUD
14/09/2018 23:00,Buy,ETH/AUD,1,293.94,291.029703,2.910297029702974 AUD,2.91,0.26,293.94,293.94 AUD
13/09/2018 23:32,Buy,AION/AUD,153.9167187,0.649702,0.643269307,0.9900990099009874 AUD,0.99,0.09,100,100.00 AUD
13/09/2018 11:34,Sell,GO/ICX,1630.247578,0.073075388,0.073813524,1.2033431826303627 ICX,1.02,0.09,101.37,119.13097508040592 ICX
13/09/2018 8:01,Buy,ADA/AUD,545.101716,0.091726,0.090817822,0.4950495049504937 AUD,0.5,0.05,50,50.00 AUD
12/09/2018 15:35,Sell,ADA/GO,0.00011218,1.286259352,1.29925187,0.0000014575007481296847 GO,0,0,0,0.00014429257406483795 GO
12/09/2018 15:35,Sell,GO/ADA,1.3491,0.741318052,0.748806113,0.010102143266475627 ADA,0,0,0.09,1.0001121833810884 ADA
12/09/2018 2:46,Buy,STEEM/AUD,97.05910899,1.0303,1.02009901,0.9900990099009874 AUD,0.99,0.09,100,100.00 AUD
11/09/2018 18:15,Sell,LINK/GO,404.7759672,4.030863158,4.071578947,16.48077306492928 GO,1.38,0.13,136.78,1631.5965334279965 GO
11/09/2018 13:06,Sell,WINGS/LINK,429.0310709,0.477298688,0.482119887,2.0684441132245297 LINK,0.72,0.07,70.93,204.7759672092296 LINK
10/09/2018 21:10,Sell,DGB/WINGS,2222,0.19308329,0.195033626,4.3336471805483825 WINGS,0.74,0.07,73.12,429.03107087428833 WINGS
10/09/2018 18:51,Sell,BCH/ETH,1,2.362066441,2.385925698,0.023859256976459076 ETH,6.75,0.61,667.94,2.362066440669438 ETH
10/09/2018 18:46,Sell,ZRX/ETH,61.06870229,0.002832312,0.002860922,0.0017471277380087802 ETH,0.49,0.04,48.46,0.17296564606286777 ETH
10/09/2018 16:22,Buy,ZRX/AUD,61.06870229,0.81875,0.810643564,0.4950495049504937 AUD,0.5,0.05,50,50.00 AUD
9/09/2018 19:16,Buy,ETH/AUD,1.09906213,272.96,270.2574266,2.9702970297029765 AUD,2.97,0.27,300,300.00 AUD
8/09/2018 6:18,Buy,ETH/AUD,0.32506582,307.63,304.5841639,0.9900990099009874 AUD,0.99,0.09,100,100.00 AUD
6/09/2018 15:12,Buy,AION/AUD,161.8378383,0.61790247,0.611784624,0.9900990099009874 AUD,0.99,0.09,100,100.00 AUD
6/09/2018 14:52,Sell,ICX/ETH,50,0.003076763,0.003107842,0.0015539209159151635 ETH,0.5,0.05,49.08,0.1538381706756 ETH
6/09/2018 14:51,Sell,ONT/ETH,10,0.008100056,0.008181875,0.0008181874750885915 ETH,0.26,0.02,25.7,0.08100056003377 ETH
6/09/2018 14:50,Sell,ADA/ETH,482,0.000365212,0.000368901,0.0017781025868580658 ETH,0.57,0.05,56.28,0.17603215609894798 ETH
6/09/2018 14:48,Sell,LINK/ETH,41.96529438,0.001164749,0.001176514,0.0004937274887367935 ETH,0.16,0.01,15.53,0.04887902138494235 ETH
6/09/2018 14:47,Sell,XLM/ETH,28.26251457,0.000851455,0.000860056,0.00024307331595037687 ETH,0.08,0.01,7.64,0.024064258279087414 ETH
6/09/2018 14:46,Sell,BCH/ETH,0.00742803,2.183449832,2.205504881,0.00016382556422121775 ETH,0.05,0,5.16,0.016218730857900664 ETH
6/09/2018 14:45,Sell,DCR/ETH,4.14382189,0.152217887,0.153755442,0.006371351653736035 ETH,2.04,0.19,201.48,0.6307638137198682 ETH
6/09/2018 11:26,Buy,XLM/AUD,357.989246,0.279338,0.276572277,0.9900990099009874 AUD,0.99,0.09,100,100.00 AUD
6/09/2018 11:19,Sell,USDT/DCR,151,0.027442529,0.027719726,0.041856786804648216 DCR,2.09,0.19,206.63,4.143821893660137 DCR
6/09/2018 11:13,Sell,USDT/BCH,524,0.001922573,0.001941993,0.010176040734980907 BCH,7.23,0.66,715.63,1.007428032763116 BCH
6/09/2018 11:08,Sell,USDT/ETH,235.99511,0.004385963,0.004430266,0.010455211402153441 ETH,3.25,0.3,321.9,1.035065928813194 ETH
6/09/2018 10:21,Sell,EOS/USDT,50,4.834246936,4.883077713,2.4415388564461296 USDT,3.38,0.31,334.55,241.7123467881666 USDT
6/09/2018 9:56,Sell,STRAX/USDT,19.91365439,1.544994,1.5606,0.31077249041033994 USDT,0.43,0.04,42.73,30.76647655062366 USDT
6/09/2018 9:55,Sell,ETH/USDT,0.5517726,223.9888179,226.2513312,1.2483928527156536 USDT,1.74,0.16,171.84,123.59089241884983 USDT
6/09/2018 9:54,Sell,BCH/USDT,1,514.9253943,520.1266609,5.201266608800211 USDT,7.22,0.66,715.1,514.9253942712157 USDT
5/09/2018 22:17,Buy,ETH/AUD,0.27468754,364.05,360.4455484,0.9900990099009874 AUD,0.99,0.09,100,100.00 AUD
5/09/2018 21:52,Buy,ETH/AUD,0.27708506,360.9,357.3267393,0.9900990099009874 AUD,0.99,0.09,100,100.00 AUD
5/09/2018 16:45,Buy,LINK/AUD,241.9652944,0.41328241,0.409190505,0.9900990099009874 AUD,0.99,0.09,100,100.00 AUD
5/09/2018 8:10,Sell,LINK/XLM,300,1.237577562,1.250078345,3.750235036038873 XLM,1.22,0.11,121,371.2732685678472 XLM
2/09/2018 2:54,Buy,STRAX/AUD,19.91365439,2.51084,2.485980199,0.4950495049504937 AUD,0.5,0.05,50,50.00 AUD
31/08/2018 15:01,Buy,ETH/AUD,0.02419478,391.82,387.9406473,0.09386138613861483 AUD,0.09,0.01,9.48,9.48 AUD
31/08/2018 15:00,Buy,MIOTA/AUD,0.5,1.02020701,1.02970297,0.005148514851485153 AUD,0.01,0,0.52,0.52 AUD
31/08/2018 15:00,Buy,ETH/AUD,0.1277237,391.47,387.5940839,0.4950495049504937 AUD,0.5,0.05,50,50.00 AUD
31/08/2018 14:56,Sell,ADA/ETH,0.76313124,0.000353563,0.000357134,0.000002725400396646311 ETH,0,0,0.1,0.0002698146392679826 ETH
31/08/2018 14:55,Sell,DGB/ETH,9.36072221,0.00010226,0.000103292,0.000009668919003186921 ETH,0,0,0.37,0.0009572229813155002 ETH
31/08/2018 14:54,Sell,AION/ETH,0.07906432,0.002086824,0.002107903,0.0000016665989939668071 ETH,0,0,0.06,0.00016499330040271252 ETH
31/08/2018 14:53,Sell,TRX/ETH,0.05576456,8.72193E-05,8.81003E-05,4.912872267005122e-8 ETH,0,0,0,0.000004863743544335072 ETH
31/08/2018 14:53,Sell,XRP/ETH,0.35,0.001171715,0.001183551,0.000004142427125023232 ETH,0,0,0.16,0.00041010028537729996 ETH
31/08/2018 14:52,Sell,WAN/ETH,0.9,0.004459039,0.00450408,0.00004053671802555468 ETH,0.02,0,1.55,0.004013135084529901 ETH
30/08/2018 22:25,Buy,AION/AUD,64.07906432,0.78028605,0.772560446,0.4950495049504937 AUD,0.5,0.05,50,50.00 AUD
29/08/2018 23:48,Sell,SALT/ADA,75,6.42232436,6.487196323,4.865397242284985 ADA,0.71,0.06,70.76,481.67432698621144 ADA
28/08/2018 21:25,Buy,ETH/AUD,0.25356255,394.38,390.4752535,0.9900990099009874 AUD,0.99,0.09,100,100.00 AUD
28/08/2018 16:44,Buy,DGB/AUD,793.4445888,0.040028,0.039631683,0.3144554455445565 AUD,0.31,0.03,31.76,31.76 AUD
28/08/2018 16:38,Buy,ONT/AUD,2,3.67,3.633663366,0.0726732673267323 AUD,0.07,0.01,7.34,7.34 AUD
28/08/2018 16:37,Buy,VET/AUD,71,0.024863,0.02468275,0.01752475247524754 AUD,0.02,0,1.77,1.77 AUD
28/08/2018 16:36,Buy,GAS/AUD,0.96726544,9.428875,9.34552563,0.09039603960396114 AUD,0.09,0.01,9.13,9.13 AUD
28/08/2018 9:13,Buy,DGB/AUD,78.15845824,0.03736,0.036990099,0.028910891089108937 AUD,0.03,0,2.92,2.92 AUD
28/08/2018 9:12,Buy,MIOTA/AUD,25.5,0.879433,0.870898855,0.2220792079207925 AUD,0.22,0.02,22.43,22.43 AUD
28/08/2018 9:12,Buy,ICX/AUD,20,1.23209601,1.22029703,0.24405940594059317 AUD,0.24,0.02,24.65,24.65 AUD
27/08/2018 17:38,Sell,XRP/ADA,0.2004148,3.347899512,3.381716678,0.006777460717376171 ADA,0,0,0.09,0.6709686110202373 ADA
27/08/2018 17:03,Sell,GAS/XRP,0.035,16.95827441,17.12957011,0.0059953495379670985 XRP,0,0,0.27,0.5935396042587385 XRP
27/08/2018 17:00,Sell,VET/TRX,0.08630379,0.680802292,0.687679083,0.0005934931117478545 TRX,0,0,0,0.05875581806303722 TRX
27/08/2018 16:58,Sell,XNO/DGB,0.02526072,116.480925,117.6575,0.02972113163400003 DGB,0,0,0.11,2.942392031766 DGB
27/08/2018 16:55,Sell,AION/XNO,0.22314922,0.203554242,0.205610345,0.000458817881036952 XNO,0,0,0.21,0.04542297022265825 XNO
27/08/2018 16:55,Sell,MIOTA/XNO,0.41714415,0.184120517,0.18598032,0.0007758060267138295 XNO,0,0,0.35,0.07680479664466947 XNO
27/08/2018 16:53,Sell,SALT/XNO,0.79007362,0.150466082,0.151985942,0.001200800831084134 XNO,0.01,0,0.55,0.11887928227732922 XNO
27/08/2018 16:53,Sell,LINK/XNO,0.80876647,0.09671688,0.097693818,0.0007901148469801056 XNO,0,0,0.36,0.07822136985102977 XNO
27/08/2018 16:52,Sell,ICX/XNO,0.36898326,0.263333067,0.265992996,0.000981469629850934 XNO,0,0,0.45,0.09716549335524174 XNO
27/08/2018 11:03,Sell,ONT/XNO,0.92329545,0.65934128,0.666001293,0.006149159632685031 XNO,0.03,0,2.95,0.6087668036358216 XNO
27/08/2018 10:39,Buy,DGB/AUD,1356.815283,0.036851,0.036486139,0.4950495049504937 AUD,0.5,0.05,50,50.00 AUD
27/08/2018 10:18,Buy,AION/AUD,56.22314922,0.8893134,0.880508317,0.4950495049504937 AUD,0.5,0.05,50,50.00 AUD
27/08/2018 10:12,Buy,MIOTA/AUD,60.91714415,0.820787,0.812660396,0.4950495049504937 AUD,0.5,0.05,50,50.00 AUD
26/08/2018 23:14,Buy,ICX/AUD,81.34889483,1.229273,1.21710198,0.9900990099009874 AUD,0.99,0.09,100,100.00 AUD
26/08/2018 9:57,Buy,ADA/AUD,377.6178356,0.132409,0.13109802,0.4950495049504937 AUD,0.5,0.05,50,50.00 AUD
26/08/2018 0:20,Buy,ICX/AUD,49.02008843,1.01999,1.009891089,0.4950495049504937 AUD,0.5,0.05,50,50.00 AUD
25/08/2018 21:42,Sell,PPT/GAS,27.33547002,0.734123762,0.741539154,0.20270321310510298 GAS,1.66,0.15,164.4,20.06761809740526 GAS
25/08/2018 11:43,Buy,XNO/AUD,14.70960734,3.399139,3.365484159,0.4950495049504937 AUD,0.5,0.05,50,50.00 AUD
24/08/2018 19:55,Sell,ICX/PPT,58,0.142574987,0.144015139,0.08352878043269563 PPT,0.53,0.05,52.61,8.26934926283682 PPT
24/08/2018 19:52,Sell,OMG/PPT,9.86193293,0.774604557,0.782428846,0.0771626079898251 PPT,0.49,0.04,48.76,7.639098190992693 PPT
24/08/2018 8:31,Buy,SALT/AUD,75.79007362,0.659717,0.653185149,0.4950495049504937 AUD,0.5,0.05,50,50.00 AUD
22/08/2018 14:41,Sell,ICX/XNO,0.61603292,0.320614444,0.323852974,0.001995040929360009 XNO,0.01,0,0.56,0.19750905200663954 XNO
22/08/2018 3:37,Buy,ICX/AUD,57.61603292,0.867814,0.859221782,0.4950495049504937 AUD,0.5,0.05,50,50.00 AUD
20/08/2018 16:16,Buy,ONT/AUD,60.92329545,3.52,3.485148515,2.123267326732673 AUD,2.12,0.19,214.45,214.45 AUD
20/08/2018 16:14,Buy,XNO/AUD,199,2.653609,2.627344644,5.2284158415841375 AUD,5.23,0.48,528.07,528.07 AUD
20/08/2018 16:04,Buy,WAN/AUD,125,1.283413,1.270732673,1.5884158415841512 AUD,1.59,0.14,160.43,160.43 AUD
20/08/2018 16:02,Buy,BCH/AUD,1,792.16,784.3168317,7.8431683168316795 AUD,7.84,0.71,792.16,792.16 AUD
20/08/2018 13:49,Sell,NEO/TRX,0.09755157,853.0116279,861.627907,0.8405315508139495 TRX,0.03,0,2.55,83.2126235305814 TRX
20/08/2018 13:29,Sell,ICX/AUD,141,0.925953,0.935306061,1.3187815454545557 AUD,1.32,0.12,130.56,130.559373 AUD
20/08/2018 13:21,Sell,WAN/AUD,125.123657,1.258422,1.271133333,1.5904885122668873 AUD,1.59,0.14,157.46,157.45836271442244 AUD
20/08/2018 13:19,Sell,BCH/AUD,1.03518408,772.81,780.6161616,8.080814230957571 AUD,8.08,0.73,800,800.0006088648 AUD
20/08/2018 13:07,Sell,XNO/AUD,169.2542945,2.456827,2.481643434,4.200288086803539 AUD,4.2,0.38,415.83,415.8285205935515 AUD
20/08/2018 13:04,Sell,ONT/AUD,54.64480874,3.5,3.535353535,1.9318871776767708 AUD,1.93,0.18,191.26,191.25683059 AUD
18/08/2018 8:56,Buy,BCH/AUD,1.03518408,821.11,812.9801981,8.415841584158443 AUD,8.42,0.77,850,850.00 AUD
17/08/2018 23:29,Buy,NEO/AUD,1.99362041,25.08,24.83168323,0.4950495049504937 AUD,0.5,0.05,50,50.00 AUD
17/08/2018 16:01,Sell,LBC/XRP,555.3087517,0.168967866,0.170674612,0.9477710551847593 XRP,0.4,0.04,39.11,93.82933446329174 XRP
17/08/2018 14:53,Buy,LBC/AUD,555.3087517,0.09004,0.089148515,0.4950495049504937 AUD,0.5,0.05,50,50.00 AUD
17/08/2018 13:13,Buy,ETH/AUD,0.36175087,414.65,410.5445593,1.4851485148514882 AUD,1.49,0.14,150,150.00 AUD
16/08/2018 11:28,Sell,ICX/VET,0.46800167,62.15,62.77777778,0.29380104838888954 VET,0,0,0.32,29.086303790499997 VET
16/08/2018 8:48,Buy,VET/AUD,26048.45012,0.011517,0.01140297,2.9702970297029765 AUD,2.97,0.27,300,300.00 AUD
15/08/2018 16:21,Buy,OMG/AUD,9.86193293,5.07,5.019801985,0.4950495049504937 AUD,0.5,0.05,50,50.00 AUD
15/08/2018 14:41,Buy,ONT/AUD,54.64480874,1.83,1.811881188,0.9900990099009874 AUD,0.99,0.09,100,100.00 AUD
15/08/2018 8:07,Buy,PPT/AUD,11.42702257,4.375593,4.3322703,0.4950495049504937 AUD,0.5,0.05,50,50.00 AUD
14/08/2018 13:54,Sell,DGD/XLM,0.74575531,196.5994452,198.5852982,1.4809604061830726 XLM,0.44,0.04,43.53,146.6150802121248 XLM
14/08/2018 12:31,Buy,DGD/AUD,0.74575531,67.71658101,67.04611999,0.5 AUD,0.5,0.05,50.5,50.50 AUD
14/08/2018 12:30,Buy,XNO/AUD,39.14084151,1.175243,1.163606931,0.4554455445544576 AUD,0.46,0.04,46,46.00 AUD
14/08/2018 12:28,Buy,XRP/AUD,413.1275407,0.363084,0.359489109,1.4851485148514882 AUD,1.49,0.14,150,150.00 AUD
14/08/2018 12:26,Buy,TRX/AUD,4013.163175,0.024918,0.024671287,0.9900990099009874 AUD,0.99,0.09,100,100.00 AUD
14/08/2018 12:25,Buy,EOS/AUD,50,6.07,6.00990099,3.0049504950495134 AUD,3,0.27,303.5,303.50 AUD
14/08/2018 12:24,Buy,ICX/AUD,142.4680017,0.701912,0.694962376,0.9900990099009874 AUD,0.99,0.09,100,100.00 AUD
14/08/2018 12:23,Buy,WAN/AUD,167.123657,0.897539,0.888652475,1.4851485148514882 AUD,1.49,0.14,150,150.00 AUD
14/08/2018 12:23,Buy,LINK/AUD,300.8087665,0.33243712,0.329145663,0.9900990099009874 AUD,0.99,0.09,100,100.00 AUD
14/08/2018 12:05,Buy,NEO/AUD,2.0931174,19.76000001,19.56435652,0.4095049504950481 AUD,0.41,0.04,41.36,41.36 AUD
14/08/2018 11:52,Sell,LINK/AUD,130.6820763,0.31652379,0.319721,0.41781804107120735 AUD,0.42,0.04,41.36,41.36398606604947 AUD
14/08/2018 7:48,Buy,NEO/AUD,2.1881838,22.85,22.62376245,0.4950495049504937 AUD,0.5,0.05,50,50.00 AUD
13/08/2018 11:41,Buy,NEO/AUD,3.82262996,26.16,25.90099016,0.9900990099009874 AUD,0.99,0.09,100,100.00 AUD
12/08/2018 15:46,Buy,LINK/AUD,130.6820763,0.38260794,0.378819743,0.4950495049504937 AUD,0.5,0.05,50,50.00 AUD
10/08/2018 8:33,Sell,XLM/ETH,69.55916876,0.000599197,0.000605249,0.00042100621691933127 ETH,0.21,0.02,20.8,0.04167961547501342 ETH
10/08/2018 8:32,Sell,ADA/ETH,394.8950189,0.00033598,0.000339373,0.001340168581636797 ETH,0.67,0.06,66.34,0.13267668958204218 ETH
10/08/2018 8:31,Sell,ICX/ETH,70,0.002155554,0.002177327,0.0015241290691030418 ETH,0.76,0.07,75.37,0.15088877784119997 ETH
10/08/2018 0:19,Buy,XNO/AUD,27.11345299,1.844103,1.825844554,0.4950495049504937 AUD,0.5,0.05,50,50.00 AUD
9/08/2018 17:02,Buy,XLM/AUD,69.55916876,0.287525,0.284678218,0.1980198019801982 AUD,0.2,0.02,20,20.00 AUD
9/08/2018 12:38,Sell,NEO/ADA,0.05291287,187.0059013,188.8948498,0.09994968630364731 ADA,0.02,0,1.58,9.895018944061158 ADA
9/08/2018 12:37,Sell,XNO/NEO,1,0.057470339,0.058050847,0.0005805084745762745 NEO,0.02,0,1.74,0.057470338983051 NEO
9/08/2018 12:36,Sell,MIOTA/NEO,3.70692846,0.028337179,0.028623413,0.0010610494522882985 NEO,0.03,0,3.19,0.10504389577654136 NEO
9/08/2018 12:35,Sell,XNO/NEO,4.50089665,0.057324598,0.057903635,0.002606182760143738 NEO,0.08,0.01,7.83,0.2580120932542282 NEO
9/08/2018 12:26,Buy,NEO/AUD,1.63238654,30.63,30.32673284,0.4950495049504937 AUD,0.5,0.05,50,50.00 AUD
8/08/2018 13:29,Sell,OMG/XNO,4.75625391,3.554697987,3.590604027,0.17077824441946277 XNO,0.32,0.03,31.31,16.907046197526842 XNO
8/08/2018 13:28,Sell,SALT/XNO,42,0.440682252,0.445133588,0.18695610687023034 XNO,0.35,0.03,34.43,18.508654580152673 XNO
8/08/2018 11:40,Sell,XVG/OMG,1470,0.003235547,0.003268229,0.048042968749999915 OMG,0.33,0.03,32.53,4.75625390625 OMG
8/08/2018 8:13,Buy,MIOTA/AUD,48.70692846,1.026548,1.016384158,0.4950495049504937 AUD,0.5,0.05,50,50.00 AUD
7/08/2018 23:38,Sell,ICX/XNO,3.28509267,0.556885532,0.562510638,0.01847899574669354 XNO,0.04,0,4.14,1.8294205789226694 XNO
7/08/2018 23:37,Sell,MIOTA/XNO,30.61453846,0.503771613,0.508860215,0.15578520624527314 XNO,0.35,0.03,34.48,15.422735418282045 XNO
7/08/2018 21:05,Sell,MIOTA/ICX,84,0.872441579,0.881254121,0.7402534612848939 ICX,0.97,0.09,95.72,73.2850926672039 ICX
7/08/2018 20:37,Buy,MIOTA/AUD,84.61453846,1.18183,1.170128713,0.9900990099009874 AUD,0.99,0.09,100,100.00 AUD
7/08/2018 17:40,Sell,XVG/XNO,9.24617614,0.011450178,0.011565836,0.001069397596263344 XNO,0,0,0.23,0.10587036203007061 XNO
7/08/2018 17:39,Buy,XNO/AUD,32.28950586,2.167887,2.146422773,0.6930693069306955 AUD,0.69,0.06,70,70.00 AUD
7/08/2018 16:20,Sell,SALT/XNO,0.71883148,0.432121622,0.436486486,0.0031376022708108353 XNO,0.01,0,0.65,0.31062262481027053 XNO
7/08/2018 16:20,Sell,ADA/XNO,0.81239414,0.082232432,0.083063063,0.0006747994568288285 XNO,0,0,0.14,0.0668051462260537 XNO
7/08/2018 14:25,Sell,WAN/XNO,0.3823307,0.735060565,0.742485419,0.002838749701659926 XNO,0.01,0,0.59,0.28103622046433363 XNO
7/08/2018 13:36,Sell,MIOTA/ADA,61.16457404,6.307775378,6.371490281,3.897094890237611 ADA,0.68,0.06,67.48,385.81239413352057 ADA
7/08/2018 10:31,Buy,MIOTA/AUD,43.13576291,1.159131,1.147654455,0.4950495049504937 AUD,0.5,0.05,50,50.00 AUD
5/08/2018 0:52,Buy,XNO/AUD,23.77919966,2.102678,2.081859407,0.4950495049504937 AUD,0.5,0.05,50,50.00 AUD
4/08/2018 7:20,Buy,WAN/AUD,58.3823307,1.712847,1.695888119,0.9900990099009874 AUD,0.99,0.09,100,100.00 AUD
2/08/2018 13:06,Buy,SALT/AUD,42.71883148,1.170444,1.158855446,0.4950495049504937 AUD,0.5,0.05,50,50.00 AUD
1/08/2018 23:12,Buy,MIOTA/AUD,39.40392888,1.268909,1.256345545,0.4950495049504937 AUD,0.5,0.05,50,50.00 AUD
1/08/2018 8:10,Buy,MIOTA/AUD,78.62488225,1.271862,1.259269307,0.9900990099009874 AUD,0.99,0.09,100,100.00 AUD
31/07/2018 21:45,Buy,XVG/AUD,1479.246176,0.033801,0.033466337,0.4950495049504937 AUD,0.5,0.05,50,50.00 AUD
31/07/2018 9:44,Sell,TRX/LTC,0.13726679,0.000436447,0.000440856,6.051488166240477e-7 LTC,0,0,0.01,0.000059909732845780525 LTC
31/07/2018 9:42,Buy,LTC/AUD,1.02213136,112.51,111.3960403,1.1386138613861334 AUD,1.14,0.1,115,115.00 AUD
29/07/2018 9:23,Buy,ETH/AUD,0.15512052,644.66,638.2772633,0.9900990099009874 AUD,0.99,0.09,100,100.00 AUD
27/07/2018 18:20,Buy,WAN/AUD,37.96103679,2.63428,2.60819802,0.9900990099009874 AUD,0.99,0.09,100,100.00 AUD
25/07/2018 16:19,Buy,TRX/AUD,9434.140267,0.052999,0.052474257,4.95049504950498 AUD,4.95,0.45,500,500.00 AUD
24/07/2018 18:38,Sell,ADX/AION,183.6313498,0.633639442,0.640039841,1.1753137984923114 AION,1.29,0.12,127.69,116.35606605073882 AION
24/07/2018 14:36,Sell,TRX/ADX,3000,0.06121045,0.061828737,1.8548621190130632 ADX,1.37,0.12,135.27,183.631349782293 ADX
24/07/2018 12:04,Sell,NEO/AION,0.00061756,38.85867299,39.25118483,0.00024239961706161092 AION,0,0,0.03,0.023997562089099526 AION
24/07/2018 12:04,Sell,ICX/AION,0.08,1.544587678,1.560189573,0.0012481516587677793 AION,0,0,0.14,0.12356701421800943 AION
23/07/2018 13:49,Sell,MIOTA/NEO,0.02144902,0.028792207,0.029083037,0.000006238026487122598 NEO,0,0,0.03,0.0006175646222251366 NEO
23/07/2018 8:19,Buy,ICX/AUD,53.80625443,1.85852,1.840118812,0.9900990099009874 AUD,0.99,0.09,100,100.00 AUD
23/07/2018 8:15,Sell,AION/MIOTA,34.41833935,0.886778665,0.895736025,0.30829746487230736 MIOTA,0.41,0.04,40.86,30.52144902235837 MIOTA
21/07/2018 19:10,Sell,NEO/AION,0.19154065,35.78305301,36.14449799,0.06923140639305192 AION,0.09,0.01,8.51,6.8539092329121685 AION
21/07/2018 15:06,Buy,NEO/AUD,2.19154065,45.63,45.17821789,0.9900990099009874 AUD,0.99,0.09,100,100.00 AUD
21/07/2018 10:42,Sell,BTG/AION,4,31.25952061,31.57527334,1.2630109335576094 AION,1.49,0.14,147.44,125.03808242220353 AION
20/07/2018 21:55,Sell,NEO/AION,0.07072691,35.71975213,36.08055771,0.025518663577071887 AION,0.03,0,3.36,2.526347694130132 AION
20/07/2018 10:57,Sell,BTG/NEO,0.82985526,0.838075472,0.846540881,0.007025064024905658 NEO,0.34,0.03,33.8,0.6954813384656602 NEO
20/07/2018 5:27,Buy,NEO/AUD,1.37524557,50.9,50.39603995,0.6930693069306955 AUD,0.69,0.06,70,70.00 AUD
20/07/2018 5:20,Buy,BTG/AUD,4.82985526,44.444396,44.00435252,2.1253465346534597 AUD,2.13,0.19,214.66,214.66 AUD
20/07/2018 4:48,Buy,MIOTA/AUD,100,1.454429,1.44009901,1.4400990099009903 AUD,1.44,0.13,145.45,145.45 AUD
20/07/2018 1:46,Sell,BTG/AUD,5.32739414,40.954024,41.36770101,2.203820479464838 AUD,2.2,0.2,218.18,218.17822746701935 AUD
20/07/2018 1:43,Sell,MIOTA/AUD,100,1.41927,1.433606061,1.4336060606060528 AUD,1.43,0.13,141.93,141.927 AUD
19/07/2018 19:42,Sell,ELA/ADA,6.29893894,100.2535562,101.2662184,6.378697260992681 ADA,1.63,0.15,161.66,631.4910288382716 ADA
19/07/2018 16:51,Sell,EOS/ELA,15,0.419929263,0.424170972,0.06362564585862085 ELA,1.74,0.16,172.25,6.298938940003455 ELA
19/07/2018 9:05,Sell,VEN/XLM,41.25024102,6.285292088,6.348779887,2.6188870050582977 XLM,1.07,0.1,105.85,259.2698135007687 XLM
16/07/2018 18:53,Sell,GAS/VEN,0.00187211,6.094751814,6.156314964,0.00011525298807396264 VEN,0,0,0.03,0.011410045819322367 VEN
16/07/2018 18:43,Buy,VEN/AUD,41.23883097,2.424899,2.400890099,0.9900990099009874 AUD,0.99,0.09,100,100.00 AUD
14/07/2018 13:22,Buy,XLM/AUD,179.6971026,0.278246,0.275491089,0.4950495049504937 AUD,0.5,0.05,50,50.00 AUD
9/07/2018 18:32,Sell,EOS/BTG,5,0.282990367,0.285848856,0.014292442779765269 BTG,0.58,0.05,57.57,1.4149518351967498 BTG
9/07/2018 18:30,Sell,TRX/BTG,0.50465301,0.001192356,0.0012044,0.000006078043048231177 BTG,0,0,0.02,0.0006017262617748812 BTG
9/07/2018 18:29,Sell,VEN/BTG,30.08087845,0.08250708,0.083340485,0.02506954988186383 BTG,1.01,0.09,100.05,2.481885438304501 BTG
9/07/2018 18:26,Sell,XNO/BTG,16,0.08908257,0.089982394,0.014397183003824088 BTG,0.58,0.05,57.88,1.425321117378576 BTG
9/07/2018 18:19,Sell,WAN/BTG,0.06,0.077233738,0.078013877,0.00004680832610581137 BTG,0,0,0.19,0.00463402428447528 BTG
6/07/2018 16:59,Buy,VEN/AUD,30.08087845,3.324371,3.291456437,0.9900990099009874 AUD,0.99,0.09,100,100.00 AUD
5/07/2018 9:28,Buy,GAS/AUD,2.50072083,19.994235,19.7962723,0.4950495049504937 AUD,0.5,0.05,50,50.00 AUD
3/07/2018 10:26,Sell,WAN/TRX,0.011,66.957,67.63333333,0.007439666666666622 TRX,0,0,0.04,0.7365269999999999 TRX
3/07/2018 10:25,Sell,WAN/TRX,0.01,66.9075,67.58333333,0.006758333333333311 TRX,0,0,0.04,0.669075 TRX
3/07/2018 9:31,Sell,WAN/TRX,0.00146569,67.02678869,67.70382696,0.0009923282212978418 TRX,0,0,0.01,0.09824049390848585 TRX
3/07/2018 9:28,Sell,ADA/TRX,0.20421947,3.839750416,3.878535774,0.00792072520083198 TRX,0,0,0.04,0.7841517948823628 TRX
3/07/2018 9:27,Sell,XNO/ADA,0.39281297,17.19983,17.37356566,0.06824561926731842 ADA,0.01,0,1.45,6.7563163074645125 ADA
3/07/2018 9:03,Sell,XRP/ADA,75,3.059924655,3.090832985,2.318124738384256 ADA,0.51,0.05,50.09,229.49434910004186 ADA
3/07/2018 8:03,Sell,SC/XNO,3991.243656,0.004107194,0.004148681,0.16558396942074083 XNO,0.63,0.06,62.57,16.39281297265328 XNO
2/07/2018 18:50,Sell,SYS/ADA,204.9496729,1.190309556,1.202332885,2.4641773137640257 ADA,0.48,0.04,47.22,243.95355406263792 ADA
2/07/2018 16:42,Sell,DRGN/SYS,136.2613165,1.504092857,1.519285714,2.070198715682153 SYS,0.5,0.05,49.69,204.9496728525321 SYS
2/07/2018 11:44,Buy,DRGN/AUD,136.2613165,0.366942,0.363308911,0.4950495049504937 AUD,0.5,0.05,50,50.00 AUD
2/07/2018 10:36,Sell,XVG/SC,1.40295818,2.286428571,2.30952381,0.03240165320476196 SC,0,0,0.05,3.207763667271428 SC
2/07/2018 8:27,Buy,SC/AUD,3988.035892,0.015045,0.01489604,0.594059405940591 AUD,0.59,0.05,60,60.00 AUD
1/07/2018 22:28,Sell,ONT/TRX,15.03759398,136.5389078,137.9180887,20.7395622092763 TRX,1.06,0.1,104.75,2053.2166587183688 TRX
29/06/2018 15:58,Buy,WAN/AUD,24.28246569,2.78802,2.760415842,0.6702970297029651 AUD,0.67,0.06,67.7,67.70 AUD
29/06/2018 15:57,Buy,MIOTA/AUD,25,1.291909,1.279207921,0.31980198019801875 AUD,0.32,0.03,32.3,32.30 AUD
29/06/2018 9:58,Buy,ONT/AUD,15.03759398,6.65,6.584158418,0.9900990099009874 AUD,0.99,0.09,100,100.00 AUD
27/06/2018 13:15,Sell,GAS/XVG,1,410.7162162,414.8648649,4.148648648648646 XVG,0.13,0.01,12.73,410.7162162162162 XVG
27/06/2018 13:14,Sell,ADA/XVG,0.70411225,5.458306452,5.51344086,0.03882081249327962 XVG,0,0,0.12,3.8432604368346768 XVG
27/06/2018 13:13,Sell,TRX/XVG,1.7903806,1.642016129,1.658602151,0.02969529113440883 XVG,0,0,0.09,2.9398338223064515 XVG
27/06/2018 13:12,Buy,XVG/AUD,1913.631435,0.031354,0.031043564,0.594059405940591 AUD,0.59,0.05,60,60.00 AUD
27/06/2018 13:09,Sell,XRP/XVG,3.88998633,19.96589189,20.16756757,0.7845156214718969 XVG,0.02,0,2.4,77.6670465257173 XVG
27/06/2018 13:09,Sell,AION/XVG,3.080531,42.92395161,43.35752688,1.3356420564247458 XVG,0.04,0,4.1,132.22856358604838 XVG
27/06/2018 13:08,Sell,MIOTA/XVG,0.03597975,40.87399464,41.28686327,0.014854910187667603 XVG,0,0,0.05,1.4706361085790882 XVG
27/06/2018 13:08,Sell,GAS/XVG,0.81142442,405.8203753,409.919571,3.3261875018230853 XVG,0.1,0.01,10.25,329.29256268048255 XVG
27/06/2018 13:07,Sell,EOS/XVG,5.36363636,324.3347027,327.6108108,17.57185256793946 XVG,0.54,0.05,53.71,1739.6134042260067 XVG
27/06/2018 12:49,Buy,XRP/AUD,78.88998633,0.633794,0.627518812,0.4950495049504937 AUD,0.5,0.05,50,50.00 AUD
27/06/2018 12:36,Buy,TRX/AUD,946.7903806,0.05281,0.052287129,0.4950495049504937 AUD,0.5,0.05,50,50.00 AUD
26/06/2018 11:44,Buy,GAS/AUD,6.81142442,14.681217,14.53585842,0.9900990099009874 AUD,0.99,0.09,100,100.00 AUD
26/06/2018 10:43,Sell,NEO/ADA,0.01247735,230.0492383,232.372968,0.028993988516720748 ADA,0.01,0,0.53,2.8704048631553643 ADA
26/06/2018 9:47,Buy,ADA/AUD,267.8337074,0.186683,0.184834653,0.4950495049504937 AUD,0.5,0.05,50,50.00 AUD
25/06/2018 6:56,Buy,EOS/AUD,11.36363636,11.44,11.32673268,1.2871287128712936 AUD,1.29,0.12,130,130.00 AUD
23/06/2018 16:46,Buy,MIOTA/AUD,75.03597975,1.332694,1.31949901,0.9900990099009874 AUD,0.99,0.09,100,100.00 AUD
22/06/2018 17:21,Buy,NEO/AUD,2.01247735,49.69,49.19802004,0.9900990099009874 AUD,0.99,0.09,100,100.00 AUD
20/06/2018 13:08,Buy,AION/AUD,53.080531,1.88392991,1.865277139,0.9900990099009874 AUD,0.99,0.09,100,100.00 AUD
19/06/2018 17:11,Buy,XNO/AUD,25.94938416,3.853656,3.815500991,0.9900990099009874 AUD,0.99,0.09,100,100.00 AUD
19/06/2018 9:38,Sell,EOS/ETH,2.13324351,0.020072287,0.020275037,0.00043251591470547246 ETH,0.31,0.03,30.29,0.04281907555584149 ETH
15/06/2018 8:29,Sell,SC/EOS,5047.445992,0.001215787,0.001228068,0.06198607478847151 EOS,0.95,0.09,93.81,6.136621404058658 EOS
14/06/2018 18:26,Buy,SC/AUD,5047.445992,0.019812,0.019615842,0.9900990099009874 AUD,0.99,0.09,100,100.00 AUD
13/06/2018 16:40,Sell,MIOTA/EOS,80,0.124957776,0.126219976,0.10097598081559589 EOS,1.38,0.13,136.43,9.99662210074392 EOS
13/06/2018 16:06,Sell,WAN/LTC,0.14608993,0.02953375,0.029832071,0.000043581651820875054 LTC,0.01,0,0.58,0.004314583530266655 LTC
13/06/2018 16:06,Sell,MIOTA/LTC,5.92327225,0.012758841,0.012887718,0.0007633746324168522 LTC,0.1,0.01,10.08,0.07557408860926819 LTC
13/06/2018 16:05,Sell,AION/LTC,4.48200064,0.014506092,0.014652618,0.0006567304197563489 LTC,0.09,0.01,8.68,0.06501631155587895 LTC
13/06/2018 16:03,Buy,LTC/AUD,0.74123489,134.91,133.5742587,0.9900990099009874 AUD,0.99,0.09,100,100.00 AUD
12/06/2018 22:34,Sell,ETC/MIOTA,8,10.74040903,10.84889801,0.8679118408835507 MIOTA,1.61,0.15,159.74,85.92327224747105 MIOTA
12/06/2018 20:31,Sell,ETC/WAN,22,4.552094997,4.598075755,1.0115766659914982 WAN,4.55,0.41,450.85,100.14608993315778 WAN
12/06/2018 19:40,Sell,ETC/AION,11.34440074,9.210006155,9.30303652,1.0553737438527264 AION,2.34,0.21,231.33,104.48200064142014 AION
12/06/2018 11:47,Sell,ZIL/ETC,6.72863271,0.006292957,0.006356522,0.0004277070009573794 ETC,0.01,0,0.89,0.04234299309478086 ETC
12/06/2018 11:47,Sell,ONT/ETC,20,0.426991304,0.431304348,0.08626086956521739 ETC,1.81,0.16,179.51,8.53982608695652 ETC
12/06/2018 11:45,Sell,ZEC/ETC,1.216,12.86027798,12.99017978,0.15796058610981767 ETC,3.26,0.3,322.49,15.638098024871983 ETC
12/06/2018 11:44,Sell,WAN/ETC,80,0.21405167,0.216213808,0.17297104677060204 ETC,3.55,0.32,351.54,17.12413363028952 ETC
11/06/2018 11:53,Sell,NEO/ZIL,0.01513905,444.4554118,448.9448604,0.06796598689584776 ZIL,0.01,0,0.89,6.728632702688904 ZIL
11/06/2018 11:51,Sell,ZEC/NEO,0.004,4.365828196,4.409927471,0.00017639709882139726 NEO,0.01,0,1.04,0.017463312783318224 NEO
11/06/2018 11:49,Sell,ZEC/NEO,0.02,4.366276972,4.41038078,0.000882076155938355 NEO,0.05,0,5.21,0.08732553943789666 NEO
11/06/2018 11:48,Sell,WAN/NEO,4.22621179,0.074461577,0.075213714,0.003178690846249943 NEO,0.19,0.02,18.71,0.31469039377874436 NEO
11/06/2018 6:34,Buy,NEO/AUD,1.5956598,62.67,62.04950516,0.9900990099009874 AUD,0.99,0.09,100,100.00 AUD
9/06/2018 14:35,Sell,PPC/WAN,33.89976069,0.412563602,0.416730911,0.1412707815155212 WAN,0.84,0.08,83.41,13.985807370036607 WAN
9/06/2018 6:59,Sell,ZIL/PPC,520,0.065191847,0.065850351,0.3424218251435889 PPC,0.87,0.08,86.57,33.8997606892152 PPC
7/06/2018 20:21,Sell,GAS/OMG,0.15951618,1.679573039,1.696538423,0.00270625328487345 OMG,0.04,0,4.11,0.26791907520247404 OMG
7/06/2018 20:20,Sell,VEN/OMG,0.40540935,0.351763282,0.355316446,0.00144048609594144 OMG,0.02,0,2.19,0.14260812349820132 OMG
7/06/2018 19:41,Sell,OMG/VEN,4,2.726352337,2.753891249,0.11015564996382388 VEN,0.6,0.05,59.82,10.905409346418564 VEN
31/05/2018 10:03,Sell,ZEC/WAN,0.01036353,53.74723289,54.29013423,0.005626374347778573 WAN,0.03,0,3.27,0.5570110604300738 WAN
31/05/2018 7:57,Sell,XRP/WAN,518.4898345,0.134396836,0.13575438,0.7038726601844445 WAN,4.06,0.37,402.07,69.68339335825931 WAN
30/05/2018 11:11,Buy,XRP/AUD,518.4898345,0.841868,0.833532673,4.321782178217802 AUD,4.32,0.39,436.5,436.50 AUD
30/05/2018 8:30,Sell,MIOTA/AUD,206.3585583,2.11527,2.136636364,4.409131995686209 AUD,4.41,0.4,436.5,436.50406757293564 AUD
29/05/2018 20:36,Buy,ZEC/AUD,1.25036353,316.34,313.2079215,3.916237623762356 AUD,3.92,0.36,395.54,395.54 AUD
29/05/2018 20:32,Buy,VEN/AUD,100,4.326208,4.283465347,4.283465346534683 AUD,4.28,0.39,432.63,432.63 AUD
29/05/2018 19:57,Buy,ZIL/AUD,2000,0.13747283,0.136113861,2.7222772277227705 AUD,2.72,0.25,274.95,274.95 AUD
29/05/2018 15:50,Buy,OMG/AUD,4,13,12.87128713,0.5148514851485118 AUD,0.51,0.05,52,52.00 AUD
29/05/2018 10:19,Buy,OMG/AUD,36.15398898,13.29,13.15851132,4.7573267326732775 AUD,4.76,0.43,480.49,480.49 AUD
29/05/2018 8:33,Sell,TRX/AUD,12000,0.078586,0.079379798,9.52557575757578 AUD,9.53,0.87,943.03,943.032 AUD
28/05/2018 23:37,Sell,TRX/AUD,8000,0.086573,0.087447475,6.995797979797999 AUD,7,0.64,692.58,692.584 AUD
27/05/2018 20:14,Sell,TRX/OMG,2046.887352,0.006764423,0.00683275,0.139858697170272 OMG,1.98,0.18,196.37,13.846011019856975 OMG
25/05/2018 18:02,Sell,GLM/TRX,146.3378942,7.107502668,7.179295624,10.506030033605839 TRX,0.98,0.09,96.85,1040.0969733269706 TRX
25/05/2018 18:00,Sell,ZIL/TRX,632.6157824,1.702123799,1.719316969,10.876670496208362 TRX,1.01,0.09,100.42,1076.7903791246345 TRX
25/05/2018 11:18,Buy,GLM/AUD,146.3378942,0.68335,0.676584158,0.9900990099009874 AUD,0.99,0.09,100,100.00 AUD
20/05/2018 1:03,Sell,ONT/ZIL,12.88347998,49.10286533,49.59885387,6.3900584084183265 ZIL,1.25,0.11,123.54,632.6157824334155 ZIL
18/05/2018 8:35,Buy,MIOTA/AUD,206.3585583,2.357547,2.334204951,4.8168316831683455 AUD,4.82,0.44,486.5,486.50 AUD
17/05/2018 22:48,Sell,PPT/AUD,23.13574481,21.028265,21.24067172,4.914187604414678 AUD,4.91,0.45,486.5,486.50457283705464 AUD
17/05/2018 12:30,Buy,PPT/AUD,23.13574481,21.61158,21.39760397,4.95049504950498 AUD,4.95,0.45,500,500.00 AUD
16/05/2018 14:11,Buy,BTC/AUD,0.04463636,11201.63,11090.72301,4.95049504950498 AUD,4.95,0.45,500,500.00 AUD
15/05/2018 18:53,Sell,ZEC/ONT,1.26604798,43.95653314,44.40053852,0.5621321210506522 ONT,6.01,0.55,595.44,55.651079984014736 ONT
15/05/2018 15:35,Sell,LTC/ZEC,3.30551188,0.383011171,0.386879971,0.012788363389032886 ZEC,6.49,0.59,642.84,1.266047975514256 ZEC
15/05/2018 10:18,Buy,LTC/AUD,3.30551188,203.56,201.544555,6.662079207920783 AUD,6.66,0.61,672.87,672.87 AUD
15/05/2018 8:00,Sell,WAN/AUD,16.12150541,9.264804,9.358387879,1.5087130081675753 AUD,1.51,0.14,149.36,149.36258780858964 AUD
15/05/2018 7:58,Sell,MIOTA/AUD,201.7772422,2.594492,2.62069899,5.28797414922974 AUD,5.29,0.48,523.51,523.509440773742 AUD
14/05/2018 15:56,Sell,GLM/MIOTA,5.6943539,0.312106038,0.315258625,0.017951941781407577 MIOTA,0.05,0,4.47,1.7772422363593503 MIOTA
13/05/2018 21:43,Buy,WAN/AUD,16.12150541,9.304342,9.212219809,1.4851485148514882 AUD,1.49,0.14,150,150.00 AUD
11/05/2018 11:15,Buy,GLM/AUD,5.6943539,0.909673,0.900666337,0.05128712871287089 AUD,0.05,0,5.18,5.18 AUD
11/05/2018 11:12,Buy,MIOTA/AUD,1.00E-08,2.841922,990099.0099,0.0000990099009900991 AUD,0,0,0.01,0.01 AUD
11/05/2018 11:09,Buy,MIOTA/AUD,33.35270151,2.842372,2.81450326,0.9387128712871231 AUD,0.94,0.09,94.81,94.81 AUD
11/05/2018 11:03,Buy,MIOTA/AUD,34.95766452,2.860603,2.832280198,0.9900990099009874 AUD,0.99,0.09,100,100.00 AUD
6/05/2018 14:58,Sell,ADA/EOS,25.75685917,0.020148306,0.020351824,0.005241990657234075 EOS,0.12,0.01,12.11,0.5189570750661757 EOS
5/05/2018 16:40,Sell,XRP/EOS,13,0.048629857,0.049121067,0.006385738735424473 EOS,0.16,0.01,15.56,0.6321881348070211 EOS
5/05/2018 13:32,Sell,ADA/EOS,76,0.019758113,0.01995769,0.015167844333240588 EOS,0.37,0.03,36.86,1.501616588990812 EOS
5/05/2018 13:30,Sell,DRGN/EOS,319.3274198,0.058550819,0.059142241,0.18885739318649186 EOS,4.64,0.42,459.23,18.696881925462527 EOS
4/05/2018 8:44,Buy,DRGN/AUD,319.3274198,1.565791,1.550288119,4.95049504950498 AUD,4.95,0.45,500,500.00 AUD
3/05/2018 8:13,Sell,WPR/MIOTA,1910.275313,0.068937515,0.069633854,1.3301983228211043 MIOTA,4.01,0.36,396.85,131.6896339592899 MIOTA
2/05/2018 17:41,Sell,POWR/WPR,555,3.4419375,3.476704545,19.29571022727282 WPR,4.18,0.38,413.85,1910.2753125 WPR
30/04/2018 18:07,Sell,NEO/ETH,0.85800664,0.125148665,0.126412793,0.0010846301582762008 ETH,0.99,0.09,98.15,0.10737838566934313 ETH
25/04/2018 17:58,Buy,ADA/AUD,776.6868592,0.390904,0.387033663,3.006039603960403 AUD,3.01,0.27,303.61,303.61 AUD
25/04/2018 17:40,Buy,ADA/AUD,500.07,0.392861,0.388975246,1.9451485148514962 AUD,1.95,0.18,196.46,196.46 AUD
25/04/2018 13:49,Sell,POWR/EOS,5.95448641,0.036434681,0.036802708,0.002191412269653553 EOS,0.04,0,4.31,0.21694981469570082 EOS
25/04/2018 13:44,Sell,GAS/EOS,0.07142957,1.876928225,1.895887096,0.0013542240005405826 EOS,0.03,0,2.68,0.13406817605351726 EOS
25/04/2018 13:42,Sell,LTC/EOS,0.00120044,10.42224944,10.52752469,0.00012637661741061144 EOS,0,0,0.25,0.012511285123650562 EOS
25/04/2018 13:38,Sell,ICX/EOS,0.7700247,0.265932294,0.268618479,0.0020684286363868154 EOS,0.04,0,4.13,0.20477443500229398 EOS
25/04/2018 13:36,Sell,XRP/EOS,0.47955516,0.058224045,0.058812167,0.0002820367805547695 EOS,0.01,0,0.56,0.027921641274922096 EOS
25/04/2018 13:28,Sell,TRX/EOS,0.85726209,0.005118571,0.005170273,0.000044322794553294104 EOS,0,0,0.09,0.004387956660776121 EOS
25/04/2018 13:24,Sell,TRX/EOS,15610,0.005092153,0.005143589,0.802914277741209 EOS,16.33,1.48,1616.58,79.48851349637926 EOS
24/04/2018 17:06,Sell,RDN/POWR,168.7177839,3.324809475,3.358393409,5.666206933395301 POWR,4.73,0.43,467.81,560.954486406131 POWR
24/04/2018 16:29,Sell,EOS/RDN,27.75572969,6.078665045,6.140065702,1.7042200391636868 RDN,4.91,0.45,486.44,168.7177838772035 RDN
24/04/2018 14:08,Sell,BCH/EOS,0.2457715,112.9330687,114.0738067,0.2803609059069281 EOS,5.04,0.46,498.76,27.755729684785702 EOS
24/04/2018 11:26,Buy,BCH/AUD,0.2457715,2034.41,2014.267338,4.95049504950498 AUD,4.95,0.45,500,500.00 AUD
23/04/2018 18:02,Sell,DGD/GAS,1.04040709,9.610559777,9.707636139,0.10099893465754128 GAS,3.86,0.35,381.86,9.998894531096543 GAS
22/04/2018 6:40,Sell,LTC/DGD,2.1,0.495431949,0.500436312,0.010509162546782136 DGD,4.02,0.37,398.11,1.0404070921314337 DGD
21/04/2018 10:33,Sell,BTC/TRX,0.03333521,155905.5118,157480.315,52.49639370078785 TRX,3.87,0.35,382.98,5197.1429763779515 TRX
20/04/2018 23:11,Sell,LSK/BTC,61,0.001374348,0.00138823,0.0008468202999999952 BTC,9.5,0.86,940.32,0.0838352097 BTC
20/04/2018 20:44,Sell,WAXP/XRP,434.5533924,0.41992436,0.42416602,1.8432278298900826 XRP,2.13,0.19,211.13,182.4795551591168 XRP
20/04/2018 16:44,Sell,LSK/WAXP,15,28.97022616,29.2628547,4.389428205675301 WAXP,2.24,0.2,222.01,434.55339236185193 WAXP
19/04/2018 15:50,Sell,MCO/LTC,17.86591884,0.131313909,0.132640312,0.023697410543982667 LTC,4.32,0.39,427.5,2.346043643854292 LTC
19/04/2018 15:43,Sell,NXS/MCO,167.3773509,0.106740361,0.107818546,0.18046382666152994 MCO,4.64,0.42,459.73,17.865918839491485 MCO
19/04/2018 12:32,Buy,NXS/AUD,167.3773509,2.987262,2.957685149,4.95049504950498 AUD,4.95,0.45,500,500.00 AUD
18/04/2018 20:01,Buy,ICX/AUD,348.7700247,4.100123,4.059527723,14.158415841584201 AUD,14.16,1.29,1430,1430.00 AUD
18/04/2018 18:59,Sell,TRX/AUD,25000,0.057203,0.057780808,14.445202020202032 AUD,14.45,1.31,1430.07,1430.0749999999998 AUD
17/04/2018 22:45,Buy,LSK/AUD,76,14.68,14.53465347,11.046336633663486 AUD,11.05,1,1115.68,1115.68 AUD
17/04/2018 22:33,Sell,DRGN/AUD,900.6970569,1.238681,1.251192929,11.26945789028241 AUD,11.27,1.02,1115.68,1115.6763311379489 AUD
17/04/2018 17:02,Buy,LTC/AUD,2.8151568,177.61,175.8514854,4.95049504950498 AUD,4.95,0.45,500,500.00 AUD
15/04/2018 22:20,Sell,EOS/NEO,71.40873575,0.118767074,0.119966742,0.08566673370649802 NEO,7.92,0.72,783.91,8.481006636943215 NEO
15/04/2018 11:26,Sell,SC/EOS,1080.42382,0.00197755,0.001997525,0.02158173610438263 EOS,0.23,0.02,23.14,2.1365918743338854 EOS
14/04/2018 23:56,Sell,REQ/EOS,160.5376833,0.023021336,0.023253875,0.03733123199518307 EOS,0.42,0.04,41.46,3.695791967523131 EOS
14/04/2018 11:21,Sell,BCN/DRGN,122008.2967,0.003579448,0.003615604,4.411337084437662 DRGN,4.71,0.43,466.56,436.7223713593267 DRGN
13/04/2018 23:49,Buy,BCN/AUD,122008.2967,0.004098,0.004057426,4.950396039603959 AUD,4.95,0.45,499.99,499.99 AUD
13/04/2018 21:09,Buy,REQ/AUD,160.5376833,0.26367642,0.261127426,0.4192079207920827 AUD,0.42,0.04,42.34,42.34 AUD
13/04/2018 18:59,Sell,TRX/AUD,10000,0.054233,0.054780808,5.47808080808079 AUD,5.48,0.5,542.33,542.33 AUD
13/04/2018 8:18,Buy,DRGN/AUD,463.9746855,1.077645,1.066975248,4.95049504950498 AUD,4.95,0.45,500,500.00 AUD
12/04/2018 22:11,Sell,WAN/EOS,124.0912234,0.528452779,0.533790686,0.6623873929983546 EOS,8.06,0.73,798.18,65.57635190683635 EOS
12/04/2018 18:13,Sell,XVG/WAN,625.5321512,0.016703384,0.016872105,0.10554044417486352 WAN,0.66,0.06,65.3,10.448503973311405 WAN
12/04/2018 18:11,Sell,DRGN/WAN,430.6448158,0.143153335,0.144599328,0.6227095089843431 WAN,3.91,0.36,386.95,61.64824138945017 WAN
12/04/2018 18:11,Sell,ICX/WAN,112.0037986,0.464220667,0.468909764,0.5251967478731459 WAN,3.32,0.3,328.67,51.99447803944152 WAN
12/04/2018 17:00,Sell,EOS/TRX,160,221.3357143,223.5714286,357.7142857142826 TRX,16.69,1.52,1652.53,35413.71428571429 TRX
11/04/2018 19:55,Sell,EOS/DRGN,50,8.612896315,8.699895268,4.349947634009311 DRGN,4.1,0.37,406.24,430.6448157669237 DRGN
11/04/2018 19:41,Sell,NEO/ICX,5,22.40075971,22.62703001,1.1313515005374626 ICX,3.49,0.32,345.49,112.00379855320878 ICX
10/04/2018 21:24,Buy,XVG/AUD,625.5321512,0.108052,0.106982178,0.6692079207920756 AUD,0.67,0.06,67.59,67.59 AUD
10/04/2018 19:07,Sell,VEN/AUD,165,3.439918,3.474664646,5.733196666666686 AUD,5.73,0.52,567.59,567.58647 AUD
9/04/2018 22:27,Sell,TRX/SC,0.01433948,3.018292683,3.048780488,0.00043717926829268255 SC,0,0,0,0.04328074756097562 SC
9/04/2018 22:25,Sell,NEO/TRX,10.623,1412.03185,1426.294798,151.51529635838233 TRX,6.91,0.63,684.29,15000.014339479769 TRX
7/04/2018 17:10,Sell,XRP/SC,19.53599382,43.20773006,43.64417178,8.526322701563231 SC,0.12,0.01,12.19,844.1059474547559 SC
7/04/2018 17:05,Sell,NEO/XRP,0.3612023,93.85130624,94.79929923,0.3424172491995776 XRP,0.22,0.02,21.41,33.89930767075837 XRP
7/04/2018 16:46,Buy,XRP/AUD,475.6366862,0.662964,0.643654369,9.184368932038865 AUD,9.18,0.83,315.33,315.33 AUD
7/04/2018 16:45,Buy,TRX/AUD,3685.289932,0.050109,0.048650517,5.378737864077664 AUD,5.38,0.49,184.67,184.67 AUD
5/04/2018 21:28,Sell,MIOTA/TRX,400,23.52578859,23.76342282,95.0536912751686 TRX,4.96,0.45,491.37,9410.315436241612 TRX
5/04/2018 18:23,Sell,ICX/TRX,155.8517985,47.71767857,48.19967532,75.12006088394719 TRX,4.06,0.37,402.25,7436.886027510761 TRX
4/04/2018 21:59,Buy,TRX/AUD,10874.5086,0.042481,0.041243689,13.455145631067978 AUD,13.46,1.22,461.96,461.96 AUD
4/04/2018 21:35,Sell,LTC/AUD,3.023523,152.79,157.5154639,14.287548840309285 AUD,14.29,1.3,461.96,461.96407917 AUD
4/04/2018 9:23,Sell,DGD/ICX,1.6176839,96.34255403,97.31571114,1.5742605912942622 ICX,4.85,0.44,480.41,155.85179853813122 ICX
3/04/2018 8:07,Sell,ETH/DGD,1.00812732,1.604642459,1.620850969,0.01634024143533086 DGD,4.97,0.45,491.76,1.6176839020977505 DGD
29/03/2018 23:28,Buy,LTC/AUD,3.023523,165.37,160.5533985,14.563106796116529 AUD,14.56,1.32,500,500.00 AUD
28/03/2018 5:27,Sell,LSK/ETH,46.34008659,0.021754973,0.02197472,0.010183104267518672 ETH,6.05,0.55,599.13,1.008127322484356 ETH
27/03/2018 17:05,Sell,OMG/LSK,50,0.926801732,0.936163365,0.46808168269414807 LSK,6.25,0.57,618.55,46.3400865867208 LSK
27/03/2018 14:24,Sell,NXS/NEO,224.2856502,0.028362057,0.028648542,0.06425456868089352 NEO,4.67,0.42,462.1,6.361202299408455 NEO
27/03/2018 6:53,Buy,NXS/AUD,224.2856502,2.2293,2.164368932,14.563106796116529 AUD,14.56,1.32,500,500.00 AUD
24/03/2018 20:31,Sell,XRP/SC,0.00563875,48.6972973,49.18918919,0.0027736554054054174 SC,0,0,0,0.2745918851351351 SC
24/03/2018 20:29,Sell,SC/XRP,0.11718408,0.019821722,0.020021942,0.00002346252835984646 XRP,0,0,0,0.002322790307624817 XRP
24/03/2018 20:28,Sell,TRX/XRP,0.46790883,0.069464163,0.070165822,0.000328312074770451 XRP,0,0,0.03,0.032502895402274745 XRP
24/03/2018 16:20,Sell,GAS/TRX,12,418.1986567,422.4228856,50.69074626865677 TRX,3.54,0.32,350.77,5018.383880597015 TRX
24/03/2018 16:17,Sell,DRGN/TRX,464.575211,16.30539867,16.47009967,76.51600028511893 TRX,5.33,0.48,528.01,7575.084028226757 TRX
24/03/2018 10:24,Sell,XEM/XRP,500,0.419941626,0.424183461,2.1209173036831146 XRP,1.75,0.16,173.63,209.970813064628 XRP
23/03/2018 17:24,Buy,DRGN/AUD,464.575211,1.076252,1.044904854,14.563106796116529 AUD,14.56,1.32,500,500.00 AUD
23/03/2018 9:24,Buy,SC/AUD,236.1171841,0.018296,0.017763107,0.12582524271844697 AUD,0.13,0.01,4.32,4.32 AUD
23/03/2018 9:19,Buy,VEN/AUD,5,4.835687,4.695145631,0.7042718446601945 AUD,0.7,0.06,24.18,24.18 AUD
23/03/2018 9:12,Buy,GAS/AUD,1.00E-08,31.01535,970873.7864,0.00029126213592233115 AUD,0,0,0.01,0.01 AUD
23/03/2018 9:10,Buy,TRX/AUD,1000,0.05233,0.050805825,1.524174757281557 AUD,1.52,0.14,52.33,52.33 AUD
23/03/2018 9:08,Buy,GAS/AUD,0.66858251,31.165269,30.26254711,0.6069902912621359 AUD,0.61,0.06,20.84,20.84 AUD
23/03/2018 9:02,Buy,XEM/AUD,366.6641517,0.404509,0.392729966,4.319999999999993 AUD,4.32,0.39,148.32,148.32 AUD
23/03/2018 6:01,Buy,GAS/AUD,11.33141748,30.741079,29.84570777,10.145825242718445 AUD,10.15,0.92,348.34,348.34 AUD
22/03/2018 22:02,Sell,ADA/AUD,1400,0.248817,0.256512371,10.773519587628869 AUD,10.77,0.98,348.34,348.3438 AUD
22/03/2018 17:24,Sell,MIOTA/XEM,29.99031962,4.445962898,4.490871614,1.346826750661421 XEM,0.53,0.05,52.67,133.3358483154811 XEM
22/03/2018 14:57,Buy,MIOTA/AUD,0.99031962,1.898377,1.843084477,0.054757281553398096 AUD,0.05,0,1.88,1.88 AUD
22/03/2018 14:55,Buy,EOS/AUD,0.84290308,9.75,9.46797172,0.23941747572815597 AUD,0.24,0.02,8.22,8.22 AUD
22/03/2018 11:55,Sell,GAS/EOS,0.01117103,3.406782249,3.441194191,0.00038441683538603666 EOS,0,0,0.35,0.038057266703217504 EOS
22/03/2018 11:52,Sell,ADA/EOS,0.64038033,0.030090452,0.030394396,0.00019463973233558446 EOS,0,0,0.17,0.019269333501222858 EOS
22/03/2018 11:51,Sell,MIOTA/EOS,0.13421286,0.192879113,0.194827387,0.00026148340794264827 EOS,0,0,0.23,0.025886857386322053 EOS
22/03/2018 11:40,Sell,XRP/EOS,0.89614934,0.097183181,0.098164829,0.0008797034663638181 EOS,0.01,0,0.78,0.08709064317001829 EOS
22/03/2018 11:38,Sell,VEN/EOS,0.25433378,0.529107004,0.534451519,0.0013592907515245778 EOS,0.01,0,1.21,0.1345697844009319 EOS
22/03/2018 11:36,Sell,OMG/EOS,0.00074474,1.719345013,1.736712134,0.000012933989946344211 EOS,0,0,0.01,0.001280465004688086 EOS
22/03/2018 11:11,Sell,NEO/MIOTA,0.09997485,52.03845497,52.56409593,0.05255087606367592 MIOTA,0.09,0.01,9.37,5.2025367303038985 MIOTA
22/03/2018 11:05,Sell,TRX/XRP,0.38372288,0.055021731,0.055577506,0.0002132636051099708 XRP,0,0,0.02,0.02111309690588699 XRP
22/03/2018 11:03,Buy,ADA/AUD,15.13827437,0.29065401,0.282829687,0.1284466019417474 AUD,0.13,0.01,4.41,4.41 AUD
22/03/2018 11:01,Buy,TRX/AUD,5000,0.052109,0.050592233,7.588834951456306 AUD,7.59,0.69,260.55,260.55 AUD
21/03/2018 9:59,Sell,DGD/EOS,0.99185515,58.88478854,59.47958438,0.5899513209019673 EOS,4.65,0.42,459.93,58.40518076929495 EOS
21/03/2018 7:19,Buy,DGD/AUD,0.99185515,504.105864,489.4231715,14.563106796116529 AUD,14.56,1.32,500,500.00 AUD
20/03/2018 10:12,Sell,DGD/NEO,1.04114298,4.674957766,4.722179562,0.049164641009054044 NEO,4.76,0.43,471.7,4.867299459896364 NEO
20/03/2018 7:04,Buy,DGD/AUD,1.04114298,480.241433,466.2538215,14.563106796116529 AUD,14.56,1.32,500,500.00 AUD
19/03/2018 18:55,Buy,MIOTA/AUD,73.68167395,1.734624,1.684100971,3.722621359223311 AUD,3.72,0.34,127.81,127.81 AUD
19/03/2018 18:53,Buy,OMG/AUD,11.51,14.96,14.52430558,5.015242718446615 AUD,5.02,0.46,172.19,172.19 AUD
19/03/2018 13:03,Buy,NEO/AUD,0.64751044,88.57,85.99029176,1.6703883495145675 AUD,1.67,0.15,57.35,57.35 AUD
19/03/2018 13:03,Buy,TRX/AUD,1053,0.040496,0.039323615,1.242233009708741 AUD,1.24,0.11,42.65,42.65 AUD
19/03/2018 9:06,Buy,ADA/AUD,1385.502106,0.216528,0.210221359,8.737864077669883 AUD,8.74,0.79,300,300.00 AUD
18/03/2018 18:17,Buy,TRX/AUD,2497.881298,0.036579,0.035513592,2.6612621359223283 AUD,2.66,0.24,91.37,91.37 AUD
18/03/2018 18:15,Buy,XRP/AUD,119,0.825126,0.801093253,2.859902912621365 AUD,2.86,0.26,98.19,98.19 AUD
18/03/2018 18:12,Buy,EOS/AUD,52,5.97,5.796116505,9.041941747572821 AUD,9.04,0.82,310.44,310.44 AUD
16/03/2018 23:56,Sell,BTG/XRP,1.00426095,89.82377338,90.73108422,0.9111768483283811 XRP,0.81,0.07,80.19,90.2065079845099 XRP
16/03/2018 15:01,Sell,BTG/OMG,0.85,5.405728522,5.46033184,0.04641282064395469 OMG,0.67,0.06,66.53,4.594869243751507 OMG
16/03/2018 14:58,Sell,BTG/EOS,2,11.90944807,12.02974552,0.24059491042541836 EOS,1.59,0.14,157.31,23.818896132116468 EOS
16/03/2018 14:56,Sell,BTG/OMG,1,5.405847008,5.460451523,0.054604515233433126 OMG,0.8,0.07,78.71,5.405847008109885 OMG
16/03/2018 9:57,Sell,BTG/NEO,2,0.906006362,0.915157942,0.018303158833632205 NEO,1.66,0.15,163.86,1.812012724529592 NEO
15/03/2018 15:07,Buy,EOS/AUD,74.62686567,6.7,6.504854369,14.563106796116529 AUD,14.56,1.32,500,500.00 AUD
13/03/2018 19:33,Sell,BTG/MIOTA,1,58.07753628,58.66417806,0.5866417806307567 MIOTA,0.99,0.09,98.3,58.07753628244488 MIOTA
11/03/2018 11:07,Buy,OMG/AUD,28.49002849,17.55,17.03883495,14.563106796116529 AUD,14.56,1.32,500,500.00 AUD
9/03/2018 22:40,Buy,NEO/AUD,2.76625982,119.62,116.1359224,9.637864077669917 AUD,9.64,0.88,330.9,330.90 AUD
9/03/2018 22:33,Buy,NEO/AUD,1.44,117.43,114.0102481,4.925242718446611 AUD,4.93,0.45,169.1,169.10 AUD
9/03/2018 22:13,Buy,NEO/AUD,4.25133916,117.61,114.1844663,14.563106796116529 AUD,14.56,1.32,500,500.00 AUD
9/03/2018 19:27,Buy,MIOTA/AUD,292.1724659,1.711318,1.661473786,14.563106796116529 AUD,14.56,1.32,500,500.00 AUD
9/03/2018 17:30,Buy,NEO/AUD,4.31555325,115.86,112.485437,14.563106796116529 AUD,14.56,1.32,500,500.00 AUD
8/03/2018 6:08,Buy,BTG/AUD,4.25378923,117.54226,114.1186991,14.563106796116529 AUD,14.56,1.32,500,500.00 AUD
6/03/2018 22:22,Buy,BTG/AUD,3.60047172,138.870692,134.8259148,14.563106796116529 AUD,14.56,1.32,500,500.00 AUD
5/03/2018 21:27,Sell,OMG/XRP,18.97833225,16.53166777,16.69865431,3.1691260967654102 XRP,4.23,0.38,419.09,313.74348357977334 XRP
4/03/2018 13:21,Buy,XRP/AUD,27.41508138,1.196057,1.161220389,0.9550485436893226 AUD,0.96,0.09,32.79,32.79 AUD
4/03/2018 13:07,Sell,DGD/AUD,1.53570335,672.521117,693.3207392,31.942049453277605 AUD,31.94,2.9,1032.79,1032.792932322642 AUD
2/03/2018 23:27,Sell,DGD/XRP,0.45,556.6888073,562.3119266,2.5304036697247625 XRP,2.92,0.27,288.76,250.50996330275237 XRP
2/03/2018 22:57,Sell,DGD/OMG,0.7,27.11190321,27.38576082,0.19170032575251383 OMG,4.48,0.41,443.96,18.978332249498727 OMG
2/03/2018 22:45,Sell,DGD/VEN,1.5,106.8362225,107.9153763,1.6187306443262628 VEN,9.66,0.88,956.62,160.2543337882995 VEN
2/03/2018 18:54,Sell,DGD/TRX,2,9507.596029,9603.632353,192.07264705882335 TRX,13.07,1.19,1293.98,19015.192058823526 TRX
2/03/2018 18:33,Sell,AGIX/TRX,1648.005987,7.54506383,7.621276596,125.59909460656672 TRX,8.42,0.77,833.5,12434.310366050031 TRX
2/03/2018 15:35,Sell,ADA/AGIX,1254.034857,0.650904535,0.657479328,8.245019957809063 AGIX,4.71,0.43,466.07,816.2569758230975 AGIX
2/03/2018 15:35,Sell,SC/AGIX,17032.53599,0.048832952,0.049326214,8.4015051664652 AGIX,4.7,0.43,465.71,831.7490114800524 AGIX
2/03/2018 15:28,Sell,XRP/DGD,405.3279549,0.001707878,0.00172513,0.006992432632972112 DGD,4.75,0.43,470.45,0.6922508306642347 DGD
2/03/2018 15:27,Sell,TRX/DGD,58848.92151,9.33484E-05,9.42913E-05,0.055489419427233067 DGD,37.77,3.43,3739.36,5.493452523296106 DGD
2/03/2018 14:00,Buy,XRP/AUD,405.3279549,1.233569,1.197639806,14.563106796116529 AUD,14.56,1.32,500,500.00 AUD
2/03/2018 13:59,Buy,ADA/AUD,1254.034857,0.398713,0.3871,14.563106796116529 AUD,14.56,1.32,500,500.00 AUD
2/03/2018 13:39,Sell,DGD/TRX,6.87889759,8554.993114,8641.407186,594.433550634305 TRX,42.89,3.9,4246.5,58848.92151279593 TRX
2/03/2018 11:44,Sell,VEN/DGD,195.3801932,0.010243567,0.010347037,0.020216061512939643 DGD,12.42,1.13,1229.66,2.001390089781015 DGD
2/03/2018 11:14,Sell,NXS/SC,88.27529412,192.9479381,194.8969072,172.04581807614522 SC,4.78,0.43,473.1,17032.53598953829 SC
2/03/2018 11:03,Sell,RDN/NXS,152.0763481,0.580466951,0.586330253,0.8916696375543438 NXS,5.39,0.49,533.81,88.2752941178794 NXS
2/03/2018 10:11,Sell,LTC/DGD,2.7723246,0.422910868,0.427182695,0.011842890933648542 DGD,7.55,0.69,747.77,1.1724462024312003 DGD
2/03/2018 10:01,Sell,LTC/RDN,2,76.03817407,76.80623644,1.5361247287631556 RDN,5.43,0.49,537.24,152.07634814755284 RDN
2/03/2018 8:29,Sell,BTC/VEN,0.09162739,2132.333936,2153.872663,1.9735373050745295 VEN,13.09,1.19,1296.26,195.38019320237788 VEN
2/03/2018 6:55,Sell,DGD/BTC,2,0.045813695,0.04627646,0.0009255291999999971 BTC,13.38,1.22,1324.23,0.0916273908 BTC
2/03/2018 4:46,Sell,VEN/DGD,393.7958906,0.009384263,0.009479054,0.0373281251960047 DGD,26.08,2.37,2581.55,3.6954843944044464 DGD
1/03/2018 19:09,Sell,PPT/LTC,51.05106339,0.093481395,0.094425651,0.04820529897695103 LTC,13.11,1.19,1297.78,4.77232459871812 LTC
1/03/2018 19:05,Sell,PPT/VEN,20,3.801567164,3.839966833,0.767993366500832 VEN,5.14,0.47,508.86,76.03134328358207 VEN
1/03/2018 19:00,Sell,PPT/VEN,50,3.881638095,3.920846561,1.9604232804232709 VEN,12.82,1.17,1269.19,194.08190476190475 VEN
1/03/2018 18:10,Sell,WTC/VEN,31.93743209,3.872654576,3.911772299,1.2493196214940099 VEN,8.03,0.73,795.21,123.68264252790642 VEN
1/03/2018 15:04,Sell,DGD/WTC,1,31.93743209,32.26003242,0.32260032417528706 WTC,7.61,0.69,752.93,31.937432093353255 WTC
1/03/2018 11:57,Sell,DGD/PPT,1,29.9876041,30.29050919,0.3029050919361609 PPT,7.25,0.66,717.6,29.98760410167992 PPT
1/03/2018 11:46,Sell,DGD/PPT,1,30.64368394,30.95321611,0.30953216105252324 PPT,7.28,0.66,720.49,30.64368394419974 PPT
1/03/2018 11:27,Sell,DGD/PPT,2,30.20988767,30.51503805,0.6103007610033444 PPT,14.32,1.3,1417.2,60.419775339331224 PPT
28/02/2018 22:16,Sell,GBYTE/DGD,2.22752104,0.687309267,0.694251785,0.015464604577141605 DGD,11.39,1.04,1127.94,1.5309958531370222 DGD
28/02/2018 22:15,Sell,MIOTA/DGD,725.4352007,0.003283766,0.003316935,0.024062213194231852 DGD,17.73,1.61,1755.18,2.382159106228945 DGD
28/02/2018 22:14,Sell,TRX/DGD,43000.21277,7.20095E-05,7.27368E-05,0.03127698925815725 DGD,22.93,2.08,2269.72,3.0964219365575825 DGD
28/02/2018 20:03,Sell,XRP/GBYTE,1000.936715,0.002225436,0.002247916,0.022500212595725433 GBYTE,11.75,1.07,1163.64,2.227521046976805 GBYTE
28/02/2018 13:48,Buy,MIOTA/AUD,3.21969758,2.758023,2.677692239,0.2586407766990302 AUD,0.26,0.02,8.88,8.88 AUD
28/02/2018 13:47,Buy,TRX/AUD,1778,0.059663,0.057930259,3.0900000000000034 AUD,3.09,0.28,106.09,106.09 AUD
28/02/2018 13:46,Buy,XRP/AUD,66,1.288258,1.250809061,2.4766019417475746 AUD,2.48,0.23,85.03,85.03 AUD
28/02/2018 13:40,Buy,XRP/AUD,775.4168059,1.289629,1.25206699,29.126213592233057 AUD,29.13,2.65,1000,1000.00 AUD
27/02/2018 20:39,Sell,ENJ/TRX,4790.375231,4.430125628,4.474874372,214.36327352836088 TRX,11.72,1.07,1160.23,21221.964079307847 TRX
27/02/2018 19:22,Sell,RDN/MIOTA,73.91807953,1.604861984,1.621072711,1.1982658157202764 MIOTA,2.94,0.27,290.77,118.62831575630734 MIOTA
27/02/2018 14:11,Buy,XRP/AUD,159.5199089,1.253762,1.21724466,5.825242718446617 AUD,5.83,0.53,200,200.00 AUD
26/02/2018 21:59,Buy,RDN/AUD,73.91807953,4.058547,3.940336894,8.737864077669883 AUD,8.74,0.79,300,300.00 AUD
26/02/2018 15:15,Sell,DGB/ENJ,27836.47847,0.172089844,0.173828125,48.38762859602684 ENJ,12.25,1.11,1212.47,4790.375231006668 ENJ
26/02/2018 8:51,Buy,DGB/AUD,341.0685375,0.046325,0.044975728,0.46019417475728197 AUD,0.46,0.04,15.8,15.80 AUD
26/02/2018 8:50,Buy,TRX/AUD,1000,0.054416,0.052834951,1.5850485436893251 AUD,1.59,0.14,54.42,54.42 AUD
26/02/2018 8:49,Buy,TRX/AUD,547,0.054428,0.052856712,0.8673786407766997 AUD,0.87,0.08,29.78,29.78 AUD
26/02/2018 8:38,Buy,TRX/AUD,18453.24869,0.054191,0.052612621,29.126213592233057 AUD,29.13,2.65,1000,1000.00 AUD
26/02/2018 6:47,Sell,NXS/MIOTA,83.66212548,0.961735339,0.971449838,0.8127355823119586 MIOTA,1.89,0.17,187.01,80.46082264888378 MIOTA
26/02/2018 6:04,Sell,AE/MIOTA,445.89521,1.173204719,1.185055272,5.2841046940673095 MIOTA,12.17,1.11,1204.35,523.126364712662 MIOTA
25/02/2018 17:09,Sell,AE/DGB,350,65.31697674,65.97674419,230.91860465116406 DGB,10.07,0.92,996.55,22860.94186046512 DGB
25/02/2018 11:53,Buy,NXS/AUD,83.66212548,2.390568,2.320939806,5.825242718446617 AUD,5.83,0.53,200,200.00 AUD
25/02/2018 1:02,Buy,DGB/AUD,4634.468075,0.043211,0.041952427,5.832815533980579 AUD,5.83,0.53,200.26,200.26 AUD
25/02/2018 0:08,Sell,MIOTA/AE,1086.832094,0.732307423,0.739704468,8.039345555452883 AE,22.76,2.07,2253.55,795.8952099898297 AE
23/02/2018 19:38,Sell,ETH/MIOTA,1.51811328,485.1019395,490.0019591,7.4387848131993906 MIOTA,16.7,1.52,1653.37,736.4396965067384 MIOTA
23/02/2018 19:01,Sell,LEND/ETH,12665.50362,0.000119862,0.000121073,0.01533447757294848 ETH,16.83,1.53,1666.58,1.5181132797219048 ETH
23/02/2018 17:04,Sell,RDN/LEND,70,29.58688385,29.88574127,20.92001888574123 LEND,2.82,0.26,278.84,2071.0818696883853 LEND
23/02/2018 16:58,Sell,DGD/LEND,2.36571995,3137.109953,3168.797932,74.96488486033832 LEND,10.09,0.92,998.47,7421.523601173449 LEND
23/02/2018 16:49,Sell,DGD/LEND,1,3172.898147,3204.947624,32.049476236663395 LEND,4.19,0.38,415.09,3172.8981474296797 LEND
23/02/2018 15:42,Sell,GBYTE/DGD,2.76425202,1.217587951,1.22988682,0.03399717125425594 DGD,14.08,1.28,1393.46,3.365719954171357 DGD
23/02/2018 10:27,Sell,ADA/GBYTE,1000,0.000746568,0.000754109,0.0075410898395454895 GBYTE,3.92,0.36,387.92,0.746567894115 GBYTE
23/02/2018 10:25,Sell,XRP/GBYTE,235.7587936,0.002109335,0.002130642,0.005023175489095422 GBYTE,2.64,0.24,261.28,0.4972943734204413 GBYTE
23/02/2018 8:38,Sell,ZRX/GBYTE,250,0.002236797,0.00225939,0.005648476129378799 GBYTE,2.89,0.26,286.4,0.5591991368085 GBYTE
23/02/2018 8:37,Sell,LTC/GBYTE,2,0.480595305,0.485449804,0.009708996070120879 GBYTE,4.97,0.45,492.29,0.96119061094197 GBYTE
23/02/2018 8:25,Sell,CAN/MIOTA,243.0364349,0.471924076,0.476690986,1.1585327767274691 MIOTA,2.37,0.22,235.03,114.69474489601903 MIOTA
23/02/2018 6:56,Sell,MOD/CAN,50,3.098059701,3.129353234,1.5646766169154205 CAN,1.68,0.15,166.05,154.90298507462686 CAN
22/02/2018 22:15,Buy,CAN/AUD,88.13344983,0.9372151,0.909917573,2.40582524271845 AUD,2.41,0.22,82.6,82.60 AUD
22/02/2018 22:13,Buy,LTC/AUD,2,281.96,273.7475728,16.424854368932074 AUD,16.42,1.49,563.92,563.92 AUD
22/02/2018 22:12,Buy,MOD/AUD,50,3.763763,3.654174757,5.4812621359223215 AUD,5.48,0.5,188.19,188.19 AUD
22/02/2018 22:09,Buy,ZRX/AUD,250,1.256584,1.22,9.150000000000034 AUD,9.15,0.83,314.15,314.15 AUD
22/02/2018 21:56,Buy,MIOTA/AUD,235.6976522,2.333498,2.265532039,16.01941747572812 AUD,16.02,1.46,550,550.00 AUD
22/02/2018 21:49,Buy,RDN/AUD,70,4.291351,4.166435506,8.7495145631068 AUD,8.75,0.8,300.4,300.40 AUD
22/02/2018 21:41,Buy,ADA/AUD,1000,0.43875,0.425970874,12.779126213592235 AUD,12.78,1.16,438.75,438.75 AUD
22/02/2018 21:39,Buy,XRP/AUD,235.7587936,1.272487,1.235424272,8.737864077669883 AUD,8.74,0.79,300,300.00 AUD
22/02/2018 16:43,Sell,CAN/AUD,2496.465627,1.0968588,1.130782268,84.68877190883222 AUD,84.69,7.7,2738.27,2738.270291718907 AUD
22/02/2018 16:23,Sell,GBYTE/CAN,1.72471955,583.5281861,589.4224102,10.165883540914933 CAN,10.31,0.94,1021.14,1006.4224705505773 CAN
22/02/2018 16:20,Sell,MIOTA/CAN,212.3991847,2.425371651,2.449870354,5.203504659367695 CAN,5.08,0.46,502.8,515.1469612773999 CAN
22/02/2018 16:10,Sell,XRP/CAN,385.7953248,1.545242553,1.560851064,6.021690430878152 CAN,4.96,0.45,490.56,596.1473526569348 CAN
22/02/2018 16:02,Sell,NXS/CAN,100,3.703822133,3.741234478,3.7412344777209796 CAN,2.86,0.26,283.37,370.3822132943755 CAN
22/02/2018 15:58,Sell,POWR/CAN,7.16676838,1.167420047,1.179212168,0.08451140482421948 CAN,0.06,0.01,5.99,8.366629077597777 CAN
22/02/2018 10:35,Buy,POWR/AUD,7.16676838,0.865104,0.839906797,0.18058252427184485 AUD,0.18,0.02,6.2,6.20 AUD
22/02/2018 10:29,Buy,MIOTA/AUD,212.3991847,2.35405801,2.285538914,14.56339805825246 AUD,14.56,1.32,500.01,500.01 AUD
22/02/2018 7:02,Buy,XRP/AUD,385.7953248,1.296024,1.258275728,14.563106796116529 AUD,14.56,1.32,500,500.00 AUD
21/02/2018 22:07,Buy,NXS/AUD,100,2.940936,2.855339806,8.56601941747573 AUD,8.57,0.78,294.1,294.10 AUD
21/02/2018 11:04,Buy,GBYTE/AUD,1.72471955,579.804408,562.9169023,29.126213592233057 AUD,29.13,2.65,1000,1000.00 AUD
21/02/2018 9:39,Sell,LTC/AUD,7.90213446,291.1,300.1030928,71.14364973111333 AUD,71.14,6.47,2300.31,2300.311341306 AUD
21/02/2018 6:02,Sell,XRP/LTC,1802.372519,0.004384296,0.004428582,0.07981954005984981 LTC,24.78,2.25,2453.44,7.902134465925081 LTC
20/02/2018 17:51,Sell,LTC/XRP,8.43398475,213.7035544,215.8621762,18.205783018841885 XRP,25.83,2.35,2557.14,1802.372518865355 XRP
20/02/2018 16:25,Buy,LTC/AUD,4.04632916,335.21,325.4466025,39.505922330097064 AUD,39.51,3.59,1356.37,1356.37 AUD
20/02/2018 16:14,Sell,XRP/LTC,1000,0.004387656,0.004431975,0.04431975334772709 LTC,14.03,1.28,1388.78,4.387655581425 LTC
20/02/2018 15:19,Sell,LTC/AUD,4.46938475,303.48,312.8659794,41.949553111237265 AUD,41.95,3.81,1356.37,1356.36888393 AUD
20/02/2018 8:41,Sell,MIOTA/LTC,46,0.00928497,0.009378758,0.004314228456913927 LTC,1.22,0.11,121.09,0.42710861723448 LTC
17/02/2018 0:27,Sell,MIOTA/LTC,0.61561264,0.009203727,0.009296693,0.00005723162014227047 LTC,0.02,0,1.61,0.005665930394084744 LTC
17/02/2018 0:24,Sell,XRP/LTC,0.00518148,0.004873725,0.004922955,2.5508192163207574e-7 LTC,0,0,0.01,0.000025253110241575434 LTC
17/02/2018 0:21,Sell,XRP/LTC,0.89,0.004902937,0.004952462,0.00004407691114178668 LTC,0.01,0,1.23,0.0043636142030368695 LTC
16/02/2018 15:00,Sell,RDN/MIOTA,7.9378457,1.439909626,1.454454167,0.11545232757466728 MIOTA,0.31,0.03,30.58,11.429780429891979 MIOTA
16/02/2018 14:54,Sell,RDN/XRP,30,2.796654052,2.824903083,0.8474709248661583 XRP,1.17,0.11,115.5,83.89962156175005 XRP
16/02/2018 14:45,Sell,RDN/LTC,10,0.014315605,0.014460207,0.001446020738030518 LTC,0.39,0.04,38.42,0.14315605306502 LTC
16/02/2018 13:28,Buy,RDN/AUD,47.9378457,4.172069,4.050552428,5.825242718446617 AUD,5.83,0.53,200,200.00 AUD
15/02/2018 18:26,Buy,XRP/AUD,66.64973763,1.500381,1.456680583,2.9126213592233086 AUD,2.91,0.26,100,100.00 AUD
15/02/2018 18:19,Buy,MIOTA/AUD,35.18583221,2.842053,2.759274758,2.9126213592233086 AUD,2.91,0.26,100,100.00 AUD
15/02/2018 12:35,Sell,MIOTA/LTC,100,0.008506832,0.00859276,0.008592759997086863 LTC,2.6,0.24,257.39,0.8506832397116001 LTC
15/02/2018 7:49,Sell,VEN/XRP,45.30997574,4.045545639,4.086409736,1.8515512601582884 XRP,2.71,0.25,268.44,183.30357475567135 XRP
15/02/2018 7:35,Sell,ADA/XRP,200.1729494,0.33100082,0.334344262,0.6692667710526052 XRP,0.97,0.09,95.99,66.25741033420803 XRP
14/02/2018 22:33,Buy,LTC/AUD,0.05705739,264.12,256.4272211,0.43893203883495246 AUD,0.44,0.04,15.07,15.07 AUD
14/02/2018 22:31,Buy,XRP/AUD,7,1.417923,1.377253814,0.2892233009708747 AUD,0.29,0.03,9.93,9.93 AUD
14/02/2018 22:30,Buy,ADA/AUD,200.1729494,0.499568,0.485017476,2.9126213592233086 AUD,2.91,0.26,100,100.00 AUD
14/02/2018 21:38,Buy,LTC/AUD,0.75091987,266.34,258.5825266,5.825242718446617 AUD,5.83,0.53,200,200.00 AUD
14/02/2018 20:50,Sell,ADA/XRP,465.7413938,0.352125,0.355681818,1.6565574573509139 XRP,2.15,0.2,212.99,163.99918827774002 XRP
14/02/2018 16:48,Sell,POWR/LTC,117.9234158,0.004001111,0.004041526,0.0047659053134402884 LTC,1.12,0.1,110.59,0.4718246260305908 LTC
14/02/2018 16:18,Buy,LTC/AUD,1.75858016,246.79,239.601943,12.640776699029118 AUD,12.64,1.15,434,434.00 AUD
14/02/2018 13:51,Buy,MIOTA/AUD,100,2.500482,2.427669903,7.283009708737865 AUD,7.28,0.66,250.05,250.05 AUD
14/02/2018 13:29,Sell,LTC/AUD,3.00603898,227.56,234.5979381,21.156316400684545 AUD,21.16,1.92,684.05,684.0542302888 AUD
12/02/2018 12:50,Sell,TRX/XRP,2009.991249,0.043674074,0.044115226,0.8867121888283833 XRP,1.18,0.11,116.64,87.78450669400932 XRP
10/02/2018 11:02,Sell,DENT/TRX,4148.862042,0.484468085,0.489361702,20.302941908344792 TRX,1.4,0.13,138.89,2009.9912489261235 TRX
7/02/2018 23:20,Buy,DENT/AUD,2619.172342,0.03818,0.037067961,2.9126213592233086 AUD,2.91,0.26,100,100.00 AUD
7/02/2018 23:17,Buy,XRP/AUD,92.11733538,1.085572,1.053953398,2.9126213592233086 AUD,2.91,0.26,100,100.00 AUD
7/02/2018 15:20,Buy,POWR/AUD,117.9234158,0.848008,0.823308738,2.9126213592233086 AUD,2.91,0.26,100,100.00 AUD
6/02/2018 19:34,Buy,VEN/AUD,45.30997574,4.414039,4.285474757,5.825242718446617 AUD,5.83,0.53,200,200.00 AUD
6/02/2018 19:11,Buy,ADA/AUD,465.7413938,0.375745,0.364800971,5.0970873786407935 AUD,5.1,0.46,175,175.00 AUD
6/02/2018 18:31,Buy,DENT/AUD,1529.689701,0.022011,0.021369903,0.980679611650487 AUD,0.98,0.09,33.67,33.67 AUD
6/02/2018 18:24,Buy,LTC/AUD,0.11,148.5,144.1747573,0.4757766990291259 AUD,0.48,0.04,16.34,16.34 AUD
6/02/2018 18:18,Buy,XRP/AUD,124.9551723,0.800287,0.77697767,2.9126213592233086 AUD,2.91,0.26,100,100.00 AUD
6/02/2018 18:08,Buy,XRP/AUD,124.9286345,0.800457,0.777142718,2.9126213592233086 AUD,2.91,0.26,100,100.00 AUD
6/02/2018 15:39,Buy,LTC/AUD,2.89603898,158.04,153.4368931,13.330776699029116 AUD,13.33,1.21,457.69,457.69 AUD
6/02/2018 13:43,Sell,XRP/AUD,468.1060943,0.749977,0.773172165,10.857798071360719 AUD,10.86,0.99,351.07,351.0688043073304 AUD
6/02/2018 13:40,Sell,DOGE/AUD,873.9730816,0.003711,0.003825773,0.10030868368852364 AUD,0.1,0.01,3.24,3.24331410592893 AUD
6/02/2018 13:39,Sell,RDN/AUD,11.56472295,2.404115,2.478469072,0.8598842447919353 AUD,0.86,0.08,27.8,27.80292391493925 AUD
6/02/2018 13:37,Sell,EMC2/AUD,255.3906583,0.295895,0.305046392,2.3371799642349487 AUD,2.34,0.21,75.57,75.5688188435964 AUD
6/02/2018 13:20,Sell,TRX/XRP,5121.915848,0.040577545,0.040987419,2.0993411006795952 XRP,1.64,0.15,162.59,207.8347689672786 XRP
5/02/2018 10:31,Sell,ETH/RDN,0.04047567,285.7203586,288.6064228,0.11681538329414387 RDN,0.42,0.04,41.23,11.564722946120284 RDN
3/02/2018 21:30,Buy,TRX/AUD,901.9084383,0.055438,0.053823301,1.4563106796116543 AUD,1.46,0.13,50,50.00 AUD
3/02/2018 21:20,Buy,ETH/AUD,0.04047567,1235.31,1199.330099,1.4563106796116543 AUD,1.46,0.13,50,50.00 AUD
3/02/2018 10:08,Buy,XRP/AUD,92.41670524,1.190261,1.155593204,3.2038834951456323 AUD,3.2,0.29,110,110.00 AUD
1/02/2018 11:01,Buy,XRP/AUD,67.85462012,1.473739,1.430814563,2.9126213592233086 AUD,2.91,0.26,100,100.00 AUD
28/01/2018 20:20,Buy,XRP/AUD,100,1.624014,1.576712621,4.730137864077676 AUD,4.73,0.43,162.4,162.40 AUD
23/01/2018 8:54,Buy,EMC2/AUD,255.3906583,0.783114,0.760304854,5.825242718446617 AUD,5.83,0.53,200,200.00 AUD
21/01/2018 12:00,Buy,TRX/AUD,2137.885033,0.116938,0.113532039,7.281553398058264 AUD,7.28,0.66,250,250.00 AUD
20/01/2018 19:26,Buy,DOGE/AUD,873.9730816,0.011442,0.011108738,0.29126213592233086 AUD,0.29,0.03,10,10.00 AUD
20/01/2018 19:16,Buy,TRX/AUD,2082.122377,0.115267,0.111909709,6.9902912621359405 AUD,6.99,0.64,240,240.00 AUD
